Unnamed: 0,A,B,fB,P_GFA,GFA
7212,Hf,Si,0.95,4.2040013136159775,ribbon
7687,Zr,Si,0.95,3.81274653471821,ribbon
6984,Y,Cu,0.95,2.2322031258284296,ribbon
6832,Ca,Zn,0.95,1.9409658166996968,ribbon
7460,Ni,Y,0.05,1.6757623437356046,film
7117,Hf,Ge,0.95,1.5484398732483282,ribbon
6794,Zr,Be,0.95,1.3523147767191437,ribbon
7174,Zr,Ge,0.95,1.0914494677589817,ribbon
7383,Nb,Si,0.95,-0.6395167451108745,ribbon
6738,B,Ni,0.05,-2.5128472182515598,ribbon
6700,B,Co,0.05,-3.0079317583115595,ribbon
7535,Pt,P,0.95,-3.0736784573840006,ribbon
6719,B,Fe,0.05,-3.248557713351551,ribbon
7516,Pd,P,0.95,-3.4605554427613865,film
6875,Ti,Co,0.25,-3.7258512335577887,bulk
7413,Ni,Pd,0.55,-3.730015553894096,film
7438,Ti,Ni,0.85,-3.7332346629140623,film
7427,Ti,Ni,0.3,-3.7990561093044057,film
7412,Ni,Pd,0.5,-3.8257183699648416,film
7668,Ti,Si,0.95,-3.8313180675243217,ribbon
6577,Cu,Al,0.55,-3.8717071224826194,ribbon
7409,Ni,Pd,0.35,-3.880149694531852,film
7411,Ni,Pd,0.45,-3.8877837746410537,film
7410,Ni,Pd,0.4,-3.9085055590123736,film
7559,Zr,Pd,0.25,-3.920030719336995,ribbon
7647,Zr,Pt,0.85,-3.95253042203363,ribbon
6643,Si,Au,0.05,-3.9669115866248976,ribbon
6576,Cu,Al,0.5,-3.9761634397400094,ribbon
6887,Ti,Co,0.85,-3.999030876768725,bulk
7636,Zr,Pt,0.3,-4.00369896893198,ribbon
6927,Hf,Cu,0.95,-4.009599757871028,bulk
6876,Ti,Co,0.3,-4.009726731479009,bulk
7255,Mg,Zn,0.25,-4.018848271898254,ribbon
7428,Ti,Ni,0.35,-4.030983078162741,film
6687,Zr,Au,0.35,-4.053978881131682,ribbon
6952,Ti,Cu,0.3,-4.0616584982118935,ribbon
6574,Cu,Al,0.4,-4.070576668836452,ribbon
7003,Zr,Cu,0.95,-4.092604082431832,bulk
6630,Hf,Au,0.35,-4.1086638436422005,ribbon
7026,Fe,P,0.2,-4.111867053747507,ribbon
7437,Ti,Ni,0.8,-4.12513672007608,film
6855,Co,P,0.2,-4.12918882148958,ribbon
7497,Zr,Ni,0.95,-4.136270592862525,ribbon
7098,Zr,Fe,0.95,-4.166770167531858,ribbon
6851,Hf,Co,0.95,-4.170290109576287,ribbon
7193,Hf,Ni,0.95,-4.173301098305245,ribbon
7339,Mo,Zr,0.65,-4.180186904025584,ribbon
7054,Si,Fe,0.65,-4.1844510984448124,film
7022,Hf,Fe,0.95,-4.185229116496085,film
6943,Cu,Mg,0.8,-4.1918193708992275,ribbon
7429,Ti,Ni,0.4,-4.249468418781596,film
6545,Si,Ag,0.85,-4.255523266860102,ribbon
7637,Zr,Pt,0.35,-4.270269926659808,ribbon
7330,Mo,Zr,0.2,-4.271415333644861,ribbon
7045,Si,Fe,0.2,-4.280580367760772,film
7443,Ta,Ni,0.15,-4.282362198519287,ribbon
6877,Ti,Co,0.35,-4.284987213616848,bulk
7560,Zr,Pd,0.3,-4.3336770501809845,ribbon
6688,Zr,Au,0.4,-4.33949020070251,ribbon
6621,Ge,Au,0.85,-4.349215151376933,ribbon
7303,Si,Mn,0.75,-4.359698278961882,ribbon
6963,Ti,Cu,0.85,-4.3680748864008665,ribbon
7256,Mg,Zn,0.3,-4.3817417782413015,ribbon
7481,Zr,Ni,0.15,-4.384803934090755,ribbon
7595,Pt,Si,0.15,-4.385659961479255,ribbon
7646,Zr,Pt,0.8,-4.391990129268763,ribbon
6953,Ti,Cu,0.35,-4.396855731175227,ribbon
7227,Ni,Mg,0.75,-4.400893822497644,ribbon
6631,Hf,Au,0.4,-4.406026935579336,ribbon
7552,Si,Pd,0.85,-4.41058452594027,bulk
7177,Hf,Ni,0.15,-4.416083951543429,ribbon
7338,Mo,Zr,0.6,-4.421785150589819,ribbon
7436,Ti,Ni,0.75,-4.425313304464352,film
7053,Si,Fe,0.6,-4.426685661187053,film
7430,Ti,Ni,0.45,-4.4453313910173815,film
6886,Ti,Co,0.8,-4.45183518945379,bulk
7267,Mg,Zn,0.85,-4.481944644861086,ribbon
6510,Ag,Ca,0.05,-4.498670203046499,ribbon
6892,Zr,Co,0.15,-4.500887846425566,ribbon
6564,Al,Ca,0.85,-4.504686604949477,bulk
7638,Zr,Pt,0.4,-4.520669159797294,ribbon
7082,Zr,Fe,0.15,-4.529647136155068,ribbon
6929,Cu,Mg,0.1,-4.532169534135333,ribbon
6835,Hf,Co,0.15,-4.534910561448808,ribbon
6878,Ti,Co,0.4,-4.545153375566547,bulk
7006,Hf,Fe,0.15,-4.564723752790602,film
6696,Zr,Au,0.8,-4.573953978444287,ribbon
6591,Zr,Al,0.3,-4.581208690704306,film
7331,Mo,Zr,0.25,-4.596743988164118,ribbon
7046,Si,Fe,0.25,-4.605162624722643,film
6689,Zr,Au,0.45,-4.605644048757285,ribbon
7431,Ti,Ni,0.5,-4.606332550366473,film
6659,Si,Au,0.85,-4.626844012569913,ribbon
7435,Ti,Ni,0.7,-4.63029043358342,film
7337,Mo,Zr,0.55,-4.631765031674265,ribbon
7052,Si,Fe,0.55,-4.637120988929887,film
6987,Zr,Cu,0.15,-4.639951337554834,bulk
7652,Ti,Si,0.15,-4.640681180475762,ribbon
7349,Nb,Ni,0.2,-4.646426434229703,bulk
7291,Si,Mn,0.15,-4.661479379675244,ribbon
6639,Hf,Au,0.8,-4.668414466737642,ribbon
7076,Fe,Sn,0.8,-4.670008340626419,film
6632,Hf,Au,0.45,-4.6833190096859605,ribbon
7027,Fe,P,0.25,-4.686258213301433,ribbon
6856,Co,P,0.25,-4.718449763180011,ribbon
7432,Ti,Ni,0.55,-4.718646432217629,film
6954,Ti,Cu,0.4,-4.722143971349885,ribbon
7645,Zr,Pt,0.75,-4.728341621460951,ribbon
7257,Mg,Zn,0.35,-4.7368148503288365,ribbon
7434,Ti,Ni,0.65,-4.742302659764052,film
7639,Zr,Pt,0.45,-4.744364276115008,ribbon
7561,Zr,Pd,0.35,-4.7514486956406214,ribbon
7040,Fe,P,0.9,-4.7516282769607505,ribbon
7433,Ti,Ni,0.6,-4.768260828933908,film
6879,Ti,Co,0.45,-4.779023417783356,bulk
6942,Cu,Mg,0.75,-4.792119048894216,ribbon
6885,Ti,Co,0.75,-4.795148351981716,bulk
7336,Mo,Zr,0.5,-4.7995241445180765,ribbon
7302,Si,Mn,0.7,-4.802443518858549,ribbon
7051,Si,Fe,0.5,-4.805245358410024,film
7332,Mo,Zr,0.3,-4.814034807948142,ribbon
7121,Pd,Ge,0.2,-4.821027616600364,ribbon
7047,Si,Fe,0.3,-4.821715551348934,film
7226,Ni,Mg,0.7,-4.821908835071868,ribbon
6869,Co,P,0.9,-4.834426387486441,ribbon
6690,Zr,Au,0.5,-4.837295378040109,ribbon
7500,Pd,P,0.15,-4.849381368351941,film
7249,Y,Mg,0.9,-4.8700443116617445,ribbon
6695,Zr,Au,0.75,-4.891443370402719,ribbon
6962,Ti,Cu,0.8,-4.893144461605625,ribbon
7571,Zr,Pd,0.85,-4.9007272307504115,ribbon
6798,Ca,Mg,0.2,-4.911394897673485,ribbon
7335,Mo,Zr,0.45,-4.913479007755433,ribbon
7050,Si,Fe,0.45,-4.919559451811488,film
6633,Hf,Au,0.5,-4.924942770353832,ribbon
7640,Zr,Pt,0.5,-4.927668949399932,ribbon
7333,Mo,Zr,0.35,-4.932257988622354,ribbon
7048,Si,Fe,0.35,-4.939289994165903,film
7388,Ni,P,0.25,-4.944235148877136,ribbon
7644,Zr,Pt,0.7,-4.957910908754936,ribbon
7334,Mo,Zr,0.4,-4.961664182893927,ribbon
7049,Si,Fe,0.4,-4.968166662596513,film
6880,Ti,Co,0.5,-4.97227175138906,bulk
6638,Hf,Au,0.75,-4.994158178055992,ribbon
7140,Pt,Ge,0.2,-5.0086401163453615,ribbon
6691,Zr,Au,0.55,-5.017772801374776,ribbon
6955,Ti,Cu,0.45,-5.022715752058153,ribbon
6884,Ti,Co,0.7,-5.026564918305878,bulk
6760,Ti,Be,0.2,-5.03406176883075,ribbon
7266,Mg,Zn,0.8,-5.0458021888676345,ribbon
7641,Zr,Pt,0.55,-5.055298228580519,ribbon
7311,Zr,Mn,0.2,-5.064740819569309,film
6592,Zr,Al,0.35,-5.068896168543962,film
7258,Mg,Zn,0.4,-5.074026900133792,ribbon
6694,Zr,Au,0.7,-5.081690681184583,ribbon
7643,Zr,Pt,0.65,-5.083215680606648,ribbon
7216,Ni,Mg,0.2,-5.085452051264596,ribbon
7476,Ni,Y,0.85,-5.103446114365014,film
6881,Ti,Co,0.55,-5.108974296807965,bulk
7642,Zr,Pt,0.6,-5.1118504396812385,ribbon
6634,Hf,Au,0.55,-5.113770958428376,ribbon
6692,Zr,Au,0.6,-5.129814394819776,ribbon
7401,Ni,P,0.9,-5.14269354330355,ribbon
6883,Ti,Co,0.65,-5.149691192917428,bulk
6693,Zr,Au,0.65,-5.156430093652761,ribbon
7562,Zr,Pd,0.4,-5.158971210562335,ribbon
7237,Y,Mg,0.3,-5.164718400243203,ribbon
7519,Pt,P,0.15,-5.172220823925247,ribbon
6882,Ti,Co,0.6,-5.1730603752323425,bulk
6637,Hf,Au,0.7,-5.187938505126562,ribbon
7062,Fe,Sn,0.1,-5.2067612842322335,film
6735,B,Fe,0.85,-5.213534268475428,ribbon
7225,Ni,Mg,0.65,-5.218381189296569,ribbon
6548,Al,Ca,0.05,-5.225995705756708,bulk
6635,Hf,Au,0.6,-5.232060270873873,ribbon
7301,Si,Mn,0.65,-5.235217974919856,ribbon
6716,B,Co,0.85,-5.257537648131199,ribbon
6636,Hf,Au,0.65,-5.2622918732681105,ribbon
6961,Ti,Cu,0.75,-5.269916986991324,ribbon
7028,Fe,P,0.3,-5.27804852157663,ribbon
6956,Ti,Cu,0.5,-5.280874826982355,ribbon
6544,Si,Ag,0.8,-5.29354334174421,ribbon
6754,B,Ni,0.85,-5.320393986753488,ribbon
6857,Co,P,0.3,-5.327793550147582,ribbon
6620,Ge,Au,0.8,-5.334525565083849,ribbon
6602,Zr,Al,0.85,-5.350443479904034,film
6778,Zr,Be,0.15,-5.36167833435905,ribbon
7444,Ta,Ni,0.2,-5.368279019154496,ribbon
7259,Mg,Zn,0.45,-5.378410795340992,ribbon
7292,Si,Mn,0.2,-5.388881844507772,ribbon
6941,Cu,Mg,0.7,-5.3983460168325665,ribbon
7551,Si,Pd,0.8,-5.414963122903842,bulk
7196,Hf,Si,0.15,-5.424621454442005,ribbon
7671,Zr,Si,0.15,-5.428219159687767,ribbon
7075,Fe,Sn,0.75,-5.431012422105403,film
6968,Y,Cu,0.15,-5.437780545336349,ribbon
6816,Ca,Zn,0.15,-5.4503326385545074,ribbon
7367,Nb,Si,0.15,-5.4601308177849415,ribbon
7265,Mg,Zn,0.75,-5.467341597126661,ribbon
7596,Pt,Si,0.2,-5.475894026302901,ribbon
6957,Ti,Cu,0.55,-5.477323366755228,ribbon
7135,Pd,Ge,0.9,-5.480209866033222,ribbon
7101,Hf,Ge,0.15,-5.4837558279380945,ribbon
7158,Zr,Ge,0.15,-5.497149884976027,ribbon
7482,Zr,Ni,0.2,-5.500519931276681,ribbon
6960,Ti,Cu,0.7,-5.5043794633732785,ribbon
7350,Nb,Ni,0.25,-5.519325778131959,bulk
7570,Zr,Pd,0.8,-5.524591746920184,ribbon
7563,Zr,Pd,0.45,-5.537779136093,ribbon
6593,Zr,Al,0.4,-5.544865019898686,film
7178,Hf,Ni,0.2,-5.558908379009748,ribbon
7217,Ni,Mg,0.25,-5.575163695876416,ribbon
7224,Ni,Mg,0.6,-5.577739164592842,ribbon
6930,Cu,Mg,0.15,-5.5890424781757835,ribbon
6958,Ti,Cu,0.6,-5.592375748379822,ribbon
7122,Pd,Ge,0.25,-5.598302064982813,ribbon
6959,Ti,Cu,0.65,-5.607098937478772,ribbon
7389,Ni,P,0.3,-5.6294314799526655,ribbon
7260,Mg,Zn,0.5,-5.631764677493362,ribbon
7300,Si,Mn,0.6,-5.641322723152513,ribbon
6893,Zr,Co,0.2,-5.703299631833636,ribbon
7264,Mg,Zn,0.7,-5.746203105315713,ribbon
7083,Zr,Fe,0.2,-5.756441402498193,ribbon
6836,Hf,Co,0.2,-5.7660966234300615,ribbon
7653,Ti,Si,0.2,-5.784295255167162,ribbon
7238,Y,Mg,0.35,-5.786458732287801,ribbon
6658,Si,Au,0.8,-5.798374923276322,ribbon
7261,Mg,Zn,0.55,-5.814270372967727,ribbon
7007,Hf,Fe,0.2,-5.820609348067518,film
6799,Ca,Mg,0.25,-5.833946396148622,ribbon
7564,Zr,Pd,0.5,-5.866578534676473,ribbon
7029,Fe,P,0.35,-5.872300325706218,ribbon
7223,Ni,Mg,0.55,-5.88271180094924,ribbon
7263,Mg,Zn,0.65,-5.888579549220062,ribbon
7039,Fe,P,0.85,-5.8943036622738205,ribbon
7262,Mg,Zn,0.6,-5.906038396780037,ribbon
7293,Si,Mn,0.25,-5.937931601006821,ribbon
6858,Co,P,0.35,-5.941200211899678,ribbon
7218,Ni,Mg,0.3,-5.941899150367321,ribbon
6525,Ag,Ca,0.8,-5.95096399361309,ribbon
7569,Zr,Pd,0.75,-5.960830203469497,ribbon
6988,Zr,Cu,0.2,-5.9744653397694805,bulk
6594,Zr,Al,0.45,-5.987864244546428,film
6940,Cu,Mg,0.65,-5.99367412147399,ribbon
6563,Al,Ca,0.8,-5.998797792449768,bulk
7299,Si,Mn,0.55,-6.0005030357196265,ribbon
6868,Co,P,0.85,-6.012544738036706,ribbon
6912,Hf,Cu,0.2,-6.024181946863647,bulk
7141,Pt,Ge,0.25,-6.030121318383635,ribbon
6601,Zr,Al,0.8,-6.058237071435555,film
6761,Ti,Be,0.25,-6.061897884963293,ribbon
7248,Y,Mg,0.85,-6.089748881608371,ribbon
7222,Ni,Mg,0.5,-6.113628111736946,ribbon
7565,Zr,Pd,0.55,-6.122436117879661,ribbon
6812,Ca,Mg,0.9,-6.149013523605228,ribbon
7312,Zr,Mn,0.25,-6.151125419316639,film
7219,Ni,Mg,0.35,-6.1755568934931535,ribbon
7363,Nb,Ni,0.9,-6.194908982513052,bulk
7074,Fe,Sn,0.7,-6.216227908100536,film
7568,Zr,Pd,0.7,-6.221351111294634,ribbon
7501,Pd,P,0.2,-6.242892300116852,film
7221,Ni,Mg,0.45,-6.250642889355066,ribbon
7220,Ni,Mg,0.4,-6.275889103704669,ribbon
7566,Zr,Pd,0.6,-6.281894967048003,ribbon
7298,Si,Mn,0.5,-6.290398664225755,ribbon
7294,Si,Mn,0.3,-6.311285811819733,ribbon
7390,Ni,P,0.35,-6.321530106354331,ribbon
7567,Zr,Pd,0.65,-6.3220168467906035,ribbon
6595,Zr,Al,0.5,-6.373873580927018,film
7239,Y,Mg,0.4,-6.386652507755773,ribbon
7123,Pd,Ge,0.3,-6.389114592943046,ribbon
6619,Ge,Au,0.75,-6.391001606957683,ribbon
6606,Ge,Au,0.1,-6.422937082378737,ribbon
7351,Nb,Ni,0.3,-6.4434208149578165,bulk
7030,Fe,P,0.4,-6.447017589735003,ribbon
6543,Si,Ag,0.75,-6.448806080804981,ribbon
6931,Cu,Mg,0.2,-6.460308555128418,ribbon
7400,Ni,P,0.85,-6.466705904591793,ribbon
7297,Si,Mn,0.45,-6.487920715831343,ribbon
7550,Si,Pd,0.75,-6.5098186475516835,bulk
7295,Si,Mn,0.35,-6.517592701256187,ribbon
6859,Co,P,0.4,-6.5356375022473525,ribbon
6600,Zr,Al,0.75,-6.545634392032674,film
6939,Cu,Mg,0.6,-6.554575948575656,ribbon
7296,Si,Mn,0.4,-6.570555122196847,ribbon
7445,Ta,Ni,0.25,-6.580027965775285,ribbon
7537,Si,Pd,0.1,-6.628379609559582,bulk
6596,Zr,Al,0.55,-6.677193078394578,film
7597,Pt,Si,0.25,-6.695304002363514,ribbon
7063,Fe,Sn,0.15,-6.7400860554986455,film
6774,Ti,Be,0.9,-6.743560523577592,ribbon
7154,Pt,Ge,0.9,-6.746436724830233,ribbon
7483,Zr,Ni,0.25,-6.7540096747924885,ribbon
7038,Fe,P,0.8,-6.783722386237442,ribbon
7325,Zr,Mn,0.9,-6.801903663224086,film
6800,Ca,Mg,0.3,-6.806117228234258,ribbon
6599,Zr,Al,0.7,-6.829643311102338,film
7179,Hf,Ni,0.25,-6.845486868590594,ribbon
6597,Zr,Al,0.6,-6.871459262299499,film
6530,Si,Ag,0.1,-6.871538196985989,ribbon
6867,Co,P,0.8,-6.925847941109263,ribbon
6598,Zr,Al,0.65,-6.930587891899856,film
7240,Y,Mg,0.45,-6.939815512414372,ribbon
7134,Pd,Ge,0.85,-6.9539862509384704,ribbon
7520,Pt,P,0.2,-6.9573471081009615,ribbon
7031,Fe,P,0.45,-6.9750131030628895,ribbon
7391,Ni,P,0.4,-6.993628405551647,ribbon
7247,Y,Mg,0.8,-6.9946906012013805,ribbon
7073,Fe,Sn,0.65,-6.998548633800271,film
7654,Ti,Si,0.25,-7.0476725901324215,ribbon
6938,Cu,Mg,0.55,-7.053045547698527,ribbon
6894,Zr,Co,0.25,-7.063573646809813,ribbon
6860,Co,P,0.45,-7.082908573843992,ribbon
6657,Si,Au,0.75,-7.100843340675078,ribbon
7211,Hf,Si,0.9,-7.117757913290832,ribbon
7142,Pt,Ge,0.3,-7.118220364158492,ribbon
6932,Cu,Mg,0.25,-7.1263701080393504,ribbon
6734,B,Fe,0.8,-7.1318771919671535,ribbon
7667,Ti,Si,0.9,-7.1328856637576274,ribbon
7084,Zr,Fe,0.25,-7.146324175102228,ribbon
6762,Ti,Be,0.3,-7.156933382470009,ribbon
6837,Hf,Co,0.25,-7.1612836494075705,ribbon
7124,Pd,Ge,0.35,-7.172619440849748,ribbon
6715,B,Co,0.8,-7.20027145434145,ribbon
7610,Pt,Si,0.9,-7.229460675656303,ribbon
7686,Zr,Si,0.9,-7.2312109515872525,ribbon
7008,Hf,Fe,0.25,-7.245481679252538,film
7475,Ni,Y,0.8,-7.288112497441388,film
7313,Zr,Mn,0.3,-7.304284701180898,film
6753,B,Ni,0.8,-7.351800370745972,ribbon
7461,Ni,Y,0.1,-7.3727929867740345,film
7352,Nb,Ni,0.35,-7.3864691557425175,bulk
6644,Si,Au,0.1,-7.386819058657732,ribbon
7458,Ta,Ni,0.9,-7.41553820788901,ribbon
7241,Y,Mg,0.5,-7.417899880914358,ribbon
7037,Fe,P,0.75,-7.421880034433053,ribbon
7032,Fe,P,0.5,-7.425702281717901,ribbon
6937,Cu,Mg,0.5,-7.458747749843364,ribbon
6618,Ge,Au,0.7,-7.486107156793808,ribbon
6989,Zr,Cu,0.25,-7.48715680456588,bulk
7399,Ni,P,0.8,-7.4882452844779985,ribbon
7496,Zr,Ni,0.9,-7.499521480328562,ribbon
6861,Co,P,0.5,-7.551426245553549,ribbon
6913,Hf,Cu,0.25,-7.566011567764749,bulk
6524,Ag,Ca,0.75,-7.5722383917604255,ribbon
6866,Co,P,0.75,-7.577981083361103,ribbon
6933,Cu,Mg,0.3,-7.579852144344294,ribbon
7246,Y,Mg,0.75,-7.611871050664893,ribbon
7392,Ni,P,0.45,-7.6135390553350595,ribbon
7192,Hf,Ni,0.9,-7.64025580042076,ribbon
7368,Nb,Si,0.2,-7.652690355583386,ribbon
7549,Si,Pd,0.7,-7.658183531454544,bulk
6542,Si,Ag,0.7,-7.6786299797050575,ribbon
6969,Y,Cu,0.2,-7.693134691619809,ribbon
6983,Y,Cu,0.9,-7.695094970392103,ribbon
6779,Zr,Be,0.2,-7.7117957023761345,ribbon
6936,Cu,Mg,0.45,-7.741094077916242,ribbon
7072,Fe,Sn,0.6,-7.745311207389838,film
7033,Fe,P,0.55,-7.76682356245859,ribbon
6817,Ca,Zn,0.2,-7.777040031317961,ribbon
6562,Al,Ca,0.75,-7.780244032030826,bulk
7242,Y,Mg,0.55,-7.791064143911692,ribbon
6801,Ca,Mg,0.35,-7.794086402241803,ribbon
7036,Fe,P,0.7,-7.819082571115736,ribbon
6934,Cu,Mg,0.35,-7.824040275596335,ribbon
7502,Pd,P,0.25,-7.842799377834207,film
6907,Zr,Co,0.9,-7.847101338777912,ribbon
7159,Zr,Ge,0.2,-7.86839192222865,ribbon
7672,Zr,Si,0.2,-7.870806848358517,ribbon
6935,Cu,Mg,0.4,-7.871245250023545,ribbon
7446,Ta,Ni,0.3,-7.875624140142148,ribbon
7102,Hf,Ge,0.2,-7.898197158305218,ribbon
6862,Co,P,0.55,-7.907913862648281,ribbon
7125,Pd,Ge,0.4,-7.919639967033918,ribbon
7197,Hf,Si,0.2,-7.923023011732161,ribbon
7064,Fe,Sn,0.2,-7.935094935839014,film
7097,Zr,Fe,0.9,-7.964456416210972,ribbon
7034,Fe,P,0.6,-7.966085389705981,ribbon
7245,Y,Mg,0.7,-7.969833135305557,ribbon
6865,Co,P,0.7,-7.980750398467148,ribbon
6850,Hf,Co,0.9,-7.984828645614054,ribbon
7362,Nb,Ni,0.85,-7.9859408928006514,bulk
7035,Fe,P,0.65,-7.992739795305095,ribbon
7598,Pt,Si,0.3,-8.00215595390233,ribbon
7515,Pd,P,0.9,-8.010440102830202,film
7243,Y,Mg,0.6,-8.028369868018654,ribbon
6793,Zr,Be,0.9,-8.02982480361695,ribbon
6811,Ca,Mg,0.85,-8.043025425219264,ribbon
6831,Ca,Zn,0.9,-8.079512847985715,ribbon
7021,Hf,Fe,0.9,-8.094376661670784,film
7244,Y,Mg,0.65,-8.0984048885845,ribbon
7484,Zr,Ni,0.3,-8.100923588867888,ribbon
6863,Co,P,0.6,-8.119032749835856,ribbon
7133,Pd,Ge,0.8,-8.120678582008653,ribbon
7393,Ni,P,0.5,-8.145616921208255,ribbon
6864,Co,P,0.65,-8.1529362571161,ribbon
7398,Ni,P,0.75,-8.213660230092557,ribbon
7180,Hf,Ni,0.3,-8.229410634990389,ribbon
7143,Pt,Ge,0.35,-8.23228718712005,ribbon
6763,Ti,Be,0.35,-8.27813214052601,ribbon
7002,Zr,Cu,0.9,-8.298077251389742,bulk
7353,Nb,Ni,0.4,-8.309445284140843,bulk
6926,Hf,Cu,0.9,-8.32040399212941,bulk
7116,Hf,Ge,0.9,-8.351718585219835,ribbon
7655,Ti,Si,0.3,-8.389543497024817,ribbon
7071,Fe,Sn,0.55,-8.41995801102367,film
7314,Zr,Mn,0.35,-8.480563992886902,film
6656,Si,Au,0.7,-8.484299865365381,ribbon
6895,Zr,Co,0.3,-8.530684538744108,ribbon
7394,Ni,P,0.55,-8.55251253660991,ribbon
6607,Ge,Au,0.15,-8.565200242257779,ribbon
7173,Zr,Ge,0.9,-8.577620801904812,ribbon
6617,Ge,Au,0.65,-8.580131900875484,ribbon
7126,Pd,Ge,0.45,-8.595012746634481,ribbon
7085,Zr,Fe,0.3,-8.646438244378313,ribbon
7397,Ni,P,0.7,-8.657813917278796,ribbon
6838,Hf,Co,0.3,-8.667289381579678,ribbon
6802,Ca,Mg,0.4,-8.755937559827624,ribbon
7009,Hf,Fe,0.3,-8.784353021026964,film
7395,Ni,P,0.6,-8.79685217596483,ribbon
7065,Fe,Sn,0.25,-8.800670716756601,film
6511,Ag,Ca,0.1,-8.814319834043733,ribbon
7548,Si,Pd,0.65,-8.815278880932192,bulk
7396,Ni,P,0.65,-8.84284452056482,ribbon
7153,Pt,Ge,0.85,-8.872251686813124,ribbon
7538,Si,Pd,0.15,-8.877608227596086,bulk
6773,Ti,Be,0.85,-8.885705459738864,ribbon
6541,Si,Ag,0.65,-8.931352492819691,ribbon
7132,Pd,Ge,0.75,-8.97595906791034,ribbon
7070,Fe,Sn,0.5,-8.983626794626936,film
7521,Pt,P,0.25,-9.036625691653576,ribbon
7324,Zr,Mn,0.85,-9.102037354420318,film
6990,Zr,Cu,0.3,-9.118149619055725,bulk
7382,Nb,Si,0.9,-9.141493300193458,ribbon
7127,Pd,Ge,0.5,-9.159858263273552,ribbon
7354,Nb,Ni,0.45,-9.16824668305116,bulk
7447,Ta,Ni,0.35,-9.203775333250784,ribbon
6914,Hf,Cu,0.3,-9.228271101722118,bulk
6531,Si,Ag,0.15,-9.231583639798195,ribbon
7534,Pt,P,0.9,-9.300479409503792,ribbon
7144,Pt,Ge,0.4,-9.324112860150247,ribbon
7361,Nb,Ni,0.8,-9.332584729250897,bulk
6523,Ag,Ca,0.7,-9.343078308999164,ribbon
7599,Pt,Si,0.35,-9.343640292095431,ribbon
7066,Fe,Sn,0.3,-9.353465649801834,film
6764,Ti,Be,0.4,-9.37675286696668,ribbon
7069,Fe,Sn,0.45,-9.396666862527312,film
6733,B,Fe,0.75,-9.438799070173376,ribbon
7485,Zr,Ni,0.35,-9.486279490719376,ribbon
6810,Ca,Mg,0.8,-9.498227090461915,ribbon
7131,Pd,Ge,0.7,-9.527306701056505,ribbon
6714,B,Co,0.75,-9.5366041967201,ribbon
7128,Pd,Ge,0.55,-9.57377819356117,ribbon
7503,Pd,P,0.3,-9.581692638995245,film
7067,Fe,Sn,0.35,-9.616899110134415,film
7068,Fe,Sn,0.4,-9.620081852915204,film
6616,Ge,Au,0.6,-9.627785000469943,ribbon
7315,Zr,Mn,0.4,-9.629696054501617,film
6803,Ca,Mg,0.45,-9.643877399078852,ribbon
7181,Hf,Ni,0.35,-9.653696788604874,ribbon
7656,Ti,Si,0.35,-9.756608835751972,ribbon
6561,Al,Ca,0.7,-9.759559229387877,bulk
7130,Pd,Ge,0.65,-9.792323823295511,ribbon
7129,Pd,Ge,0.6,-9.796979284429248,ribbon
6752,B,Ni,0.75,-9.81232330308884,ribbon
7666,Ti,Si,0.85,-9.817754591190354,ribbon
7609,Pt,Si,0.85,-9.83990782713708,ribbon
6655,Si,Au,0.65,-9.890365899834316,ribbon
7355,Nb,Ni,0.5,-9.915326554069287,bulk
7547,Si,Pd,0.6,-9.930346692908886,bulk
7474,Ni,Y,0.75,-9.937623149175444,film
6549,Al,Ca,0.1,-9.982041984001828,bulk
7457,Ta,Ni,0.85,-9.98773255277118,ribbon
6896,Zr,Co,0.35,-10.042753894877539,ribbon
6701,B,Co,0.1,-10.094659242962749,ribbon
6645,Si,Au,0.15,-10.129811594028464,ribbon
6739,B,Ni,0.1,-10.139441852808273,ribbon
6540,Si,Ag,0.6,-10.148588389143312,ribbon
7495,Zr,Ni,0.85,-10.183780317546953,ribbon
6720,B,Fe,0.1,-10.186894789449962,ribbon
7086,Zr,Fe,0.35,-10.19312097763536,ribbon
6608,Ge,Au,0.2,-10.199375436631547,ribbon
6839,Hf,Co,0.35,-10.220134607984349,ribbon
7360,Nb,Ni,0.75,-10.259972500814898,bulk
7369,Nb,Si,0.25,-10.272101567821196,ribbon
7145,Pt,Ge,0.45,-10.339906779072274,ribbon
7010,Hf,Fe,0.35,-10.371485863595296,film
6765,Ti,Be,0.45,-10.39838462058941,ribbon
7191,Hf,Ni,0.85,-10.40244859093668,ribbon
6804,Ca,Mg,0.5,-10.40638069042911,ribbon
7152,Pt,Ge,0.8,-10.476642719106222,ribbon
6970,Y,Cu,0.25,-10.495357516932557,ribbon
7356,Nb,Ni,0.55,-10.501253129771703,bulk
6772,Ti,Be,0.8,-10.505553375949509,ribbon
7448,Ta,Ni,0.4,-10.50581577866304,ribbon
6780,Zr,Be,0.25,-10.511826439541936,ribbon
6809,Ca,Mg,0.75,-10.52758745763176,ribbon
6615,Ge,Au,0.55,-10.579715353153645,ribbon
7539,Si,Pd,0.2,-10.598979621872292,bulk
6818,Ca,Zn,0.25,-10.645964054633435,ribbon
7600,Pt,Si,0.4,-10.658336453426989,ribbon
7316,Zr,Mn,0.45,-10.69639009194141,film
7160,Zr,Ge,0.25,-10.7327780931795,ribbon
6991,Zr,Cu,0.35,-10.797387150334174,bulk
6906,Zr,Co,0.85,-10.797777797880444,ribbon
7359,Nb,Ni,0.7,-10.800211032632888,bulk
7103,Hf,Ge,0.25,-10.812887253922577,ribbon
7323,Zr,Mn,0.8,-10.821906617176445,film
7486,Zr,Ni,0.4,-10.846784502858178,ribbon
7357,Nb,Ni,0.6,-10.876195578828275,bulk
7673,Zr,Si,0.25,-10.917799463145487,ribbon
6915,Hf,Cu,0.35,-10.939204286371284,bulk
7546,Si,Pd,0.55,-10.94840866359816,bulk
7096,Zr,Fe,0.85,-10.986084994910453,ribbon
6805,Ca,Mg,0.55,-10.990261885403292,ribbon
7358,Nb,Ni,0.65,-10.99133650394442,bulk
6849,Hf,Co,0.85,-11.019200833408537,ribbon
7198,Hf,Si,0.25,-11.037018291844888,ribbon
6532,Si,Ag,0.2,-11.046894632356425,ribbon
7182,Hf,Ni,0.4,-11.05308759675793,ribbon
7657,Ti,Si,0.4,-11.086313295779085,ribbon
6808,Ca,Mg,0.7,-11.154861006559457,ribbon
6522,Ag,Ca,0.65,-11.178741176257434,ribbon
7020,Hf,Fe,0.85,-11.200430663056967,film
7146,Pt,Ge,0.5,-11.222200438989377,ribbon
6654,Si,Au,0.6,-11.254244573605305,ribbon
6539,Si,Ag,0.55,-11.26741470102567,ribbon
6766,Ti,Be,0.5,-11.284908926284942,ribbon
7522,Pt,P,0.3,-11.311484458346325,ribbon
6806,Ca,Mg,0.6,-11.342673318192153,ribbon
6609,Ge,Au,0.25,-11.355056564628274,ribbon
7504,Pd,P,0.35,-11.37967752007235,film
6614,Ge,Au,0.5,-11.383958446967444,ribbon
6807,Ca,Mg,0.65,-11.413030000056262,ribbon
6897,Zr,Co,0.4,-11.529425489733248,ribbon
7151,Pt,Ge,0.75,-11.586774444624641,ribbon
7317,Zr,Mn,0.5,-11.621847363308527,film
7001,Zr,Cu,0.85,-11.624066692356484,bulk
6771,Ti,Be,0.75,-11.62905573430569,ribbon
7514,Pd,P,0.85,-11.663973757711641,film
7087,Zr,Fe,0.4,-11.714260442261331,ribbon
7449,Ta,Ni,0.45,-11.717566498667171,ribbon
6925,Hf,Cu,0.85,-11.72817159842583,bulk
6840,Hf,Co,0.4,-11.747395875969794,ribbon
7545,Si,Pd,0.5,-11.811951590016976,bulk
7540,Si,Pd,0.25,-11.818420594889426,bulk
7608,Pt,Si,0.8,-11.825500673708573,ribbon
6560,Al,Ca,0.65,-11.836427692527499,bulk
7601,Pt,Si,0.45,-11.878604170891705,ribbon
7665,Ti,Si,0.8,-11.888255919990295,ribbon
7147,Pt,Ge,0.55,-11.911677803453431,ribbon
7456,Ta,Ni,0.8,-11.914552432592757,ribbon
7011,Hf,Fe,0.4,-11.932726590816571,film
6767,Ti,Be,0.55,-11.976388482998289,ribbon
6613,Ge,Au,0.45,-11.98730980740075,ribbon
7322,Zr,Mn,0.75,-12.00262080824704,film
6732,B,Fe,0.7,-12.007044351629686,ribbon
6610,Ge,Au,0.3,-12.06815629094168,ribbon
7487,Zr,Ni,0.45,-12.113083558227634,ribbon
6713,B,Co,0.7,-12.137094174532326,ribbon
7494,Zr,Ni,0.8,-12.211505862206133,ribbon
6646,Si,Au,0.2,-12.219560456759153,ribbon
6538,Si,Ag,0.5,-12.22248226573741,ribbon
7150,Pt,Ge,0.7,-12.238721138136828,ribbon
6512,Ag,Ca,0.15,-12.26984110862978,ribbon
6770,Ti,Be,0.7,-12.29151072590918,ribbon
7658,Ti,Si,0.45,-12.309545270261244,ribbon
6533,Si,Ag,0.25,-12.335023262123705,ribbon
6612,Ge,Au,0.4,-12.336625037205645,ribbon
7318,Zr,Mn,0.55,-12.345203378057114,film
7148,Pt,Ge,0.6,-12.348932266462779,ribbon
7183,Hf,Ni,0.45,-12.356276337767751,ribbon
6611,Ge,Au,0.35,-12.380046449040305,ribbon
6768,Ti,Be,0.6,-12.412882464518745,ribbon
6992,Zr,Cu,0.4,-12.446776510010247,bulk
7544,Si,Pd,0.45,-12.462539364329634,bulk
7149,Pt,Ge,0.65,-12.47615020728958,ribbon
7190,Hf,Ni,0.8,-12.485403685456733,ribbon
6653,Si,Au,0.55,-12.50665826121685,ribbon
6769,Ti,Be,0.65,-12.536188413100012,ribbon
6751,B,Ni,0.7,-12.56153696016465,ribbon
7541,Si,Pd,0.3,-12.570163603928373,bulk
6916,Hf,Cu,0.4,-12.619051012142837,bulk
7321,Zr,Mn,0.7,-12.691263529126791,film
7450,Ta,Ni,0.5,-12.771122243267865,ribbon
7319,Zr,Mn,0.6,-12.804896688988926,film
7543,Si,Pd,0.4,-12.842351561020985,bulk
7473,Ni,Y,0.7,-12.893701297363984,film
7542,Si,Pd,0.35,-12.895648616899296,bulk
6898,Zr,Co,0.45,-12.914167125377274,ribbon
7602,Pt,Si,0.5,-12.93290133802696,ribbon
7320,Zr,Mn,0.65,-12.939964277078312,film
6537,Si,Ag,0.45,-12.948053859865126,ribbon
6521,Ag,Ca,0.6,-12.987035346131325,ribbon
6905,Zr,Co,0.8,-13.023282849412265,ribbon
6534,Si,Ag,0.3,-13.125345095869838,ribbon
7088,Zr,Fe,0.45,-13.131578121734028,ribbon
7505,Pd,P,0.4,-13.147261042218016,film
6841,Hf,Co,0.45,-13.17048479849434,ribbon
7370,Nb,Si,0.3,-13.176120036685575,ribbon
7488,Zr,Ni,0.5,-13.211934498170198,ribbon
7607,Pt,Si,0.75,-13.214361792797286,ribbon
7455,Ta,Ni,0.75,-13.238192332443793,ribbon
7095,Zr,Fe,0.8,-13.262200456173856,ribbon
6848,Hf,Co,0.8,-13.304432134914078,ribbon
7659,Ti,Si,0.5,-13.353263323005764,ribbon
7664,Ti,Si,0.75,-13.36312577096214,ribbon
6536,Si,Ag,0.4,-13.37996892653569,ribbon
7012,Hf,Fe,0.45,-13.387765751165427,film
6535,Si,Ag,0.35,-13.45753489547075,ribbon
7184,Hf,Ni,0.5,-13.488059747842845,ribbon
7019,Hf,Fe,0.8,-13.537093600686893,film
6652,Si,Au,0.5,-13.575712693029844,ribbon
7451,Ta,Ni,0.55,-13.59656502200546,ribbon
6781,Zr,Be,0.3,-13.606896924415036,ribbon
7493,Zr,Ni,0.75,-13.617542339423304,ribbon
6971,Y,Cu,0.3,-13.670070298988446,ribbon
7523,Pt,P,0.35,-13.671706302383043,ribbon
6647,Si,Au,0.25,-13.690593941291239,ribbon
7603,Pt,Si,0.55,-13.748028465774428,ribbon
6550,Al,Ca,0.15,-13.776308116424005,bulk
6819,Ca,Zn,0.3,-13.882281379047178,ribbon
6559,Al,Ca,0.6,-13.902607769376912,bulk
7161,Zr,Ge,0.3,-13.9260558725242,ribbon
7189,Hf,Ni,0.75,-13.92681745686426,ribbon
6993,Zr,Cu,0.45,-13.982259411566869,bulk
7454,Ta,Ni,0.7,-14.00877331891143,ribbon
7606,Pt,Si,0.7,-14.046612176490989,ribbon
7104,Hf,Ge,0.3,-14.060088679727276,ribbon
7489,Zr,Ni,0.55,-14.06830976322375,ribbon
6899,Zr,Co,0.5,-14.116499064508682,ribbon
7000,Zr,Cu,0.8,-14.116537095834007,bulk
7452,Ta,Ni,0.6,-14.123604228604894,ribbon
7660,Ti,Si,0.55,-14.143049248263216,ribbon
6917,Hf,Cu,0.45,-14.182096801558506,bulk
7533,Pt,P,0.85,-14.22685439555904,ribbon
7604,Pt,Si,0.6,-14.251299732171312,ribbon
7663,Ti,Si,0.7,-14.275539513120805,ribbon
6924,Hf,Cu,0.8,-14.281588949569251,bulk
7453,Ta,Ni,0.65,-14.283143358454025,ribbon
7089,Zr,Fe,0.5,-14.362838224461312,ribbon
7185,Hf,Ni,0.55,-14.371417060807,ribbon
7605,Pt,Si,0.65,-14.372640624870545,ribbon
7674,Zr,Si,0.3,-14.37466564557867,ribbon
6651,Si,Au,0.45,-14.38868765886482,ribbon
6842,Hf,Co,0.5,-14.406853953255785,ribbon
7513,Pd,P,0.8,-14.446738149415186,film
7492,Zr,Ni,0.7,-14.447605008311687,ribbon
7462,Ni,Y,0.15,-14.559128449493368,film
6904,Zr,Co,0.75,-14.564261814822958,ribbon
7199,Hf,Si,0.3,-14.56748694578469,ribbon
6648,Si,Au,0.3,-14.587093926212196,ribbon
7661,Ti,Si,0.6,-14.605587723348846,ribbon
7490,Zr,Ni,0.6,-14.607424676747591,ribbon
7013,Hf,Fe,0.5,-14.652324921522288,film
6520,Ag,Ca,0.55,-14.670856714420294,ribbon
7662,Ti,Si,0.65,-14.671072554092946,ribbon
6731,B,Fe,0.65,-14.698623700618816,ribbon
7491,Zr,Ni,0.65,-14.756692321377644,ribbon
7188,Hf,Ni,0.7,-14.775066652960561,ribbon
7506,Pd,P,0.45,-14.788164589792824,film
7094,Zr,Fe,0.75,-14.835970534364323,ribbon
6712,B,Co,0.65,-14.861583143026268,ribbon
6650,Si,Au,0.4,-14.873754304468946,ribbon
6847,Hf,Co,0.75,-14.884138746316776,ribbon
6513,Ag,Ca,0.2,-14.888098092007649,ribbon
7186,Hf,Ni,0.6,-14.929515640654303,ribbon
6649,Si,Au,0.35,-14.961619020811966,ribbon
6900,Zr,Co,0.55,-15.054149056379512,ribbon
7187,Hf,Ni,0.65,-15.087643206933208,ribbon
7018,Hf,Fe,0.75,-15.150477434439866,film
6994,Zr,Cu,0.5,-15.315809620549723,bulk
7090,Zr,Fe,0.55,-15.32398358545091,ribbon
6843,Hf,Co,0.55,-15.372129374650633,ribbon
6750,B,Ni,0.65,-15.448128096465357,ribbon
6792,Zr,Be,0.85,-15.469847763651755,ribbon
6903,Zr,Co,0.7,-15.472597282778569,ribbon
6918,Hf,Cu,0.5,-15.538648881356385,bulk
6982,Y,Cu,0.85,-15.59322266615962,ribbon
7014,Hf,Fe,0.55,-15.640270163793506,film
6901,Zr,Co,0.6,-15.645133955543564,ribbon
6721,B,Fe,0.15,-15.690186728813813,ribbon
6702,B,Co,0.15,-15.715289771484306,ribbon
7093,Zr,Fe,0.7,-15.761637501358866,ribbon
6902,Zr,Co,0.65,-15.809767933435493,ribbon
6846,Hf,Co,0.7,-15.812982363440115,ribbon
6999,Zr,Cu,0.75,-15.832158933418084,bulk
6558,Al,Ca,0.55,-15.844782078222362,bulk
7381,Nb,Si,0.85,-15.876696863872967,ribbon
7091,Zr,Fe,0.6,-15.931198160809652,ribbon
6844,Hf,Co,0.6,-15.982169638562029,ribbon
7472,Ni,Y,0.65,-15.987301157721,film
7524,Pt,P,0.4,-15.997952771236493,ribbon
7685,Zr,Si,0.85,-16.009711470977773,ribbon
6830,Ca,Zn,0.85,-16.03895265934746,ribbon
6923,Hf,Cu,0.75,-16.039845449039912,bulk
7017,Hf,Fe,0.7,-16.097577404785604,film
7092,Zr,Fe,0.65,-16.102896115072127,ribbon
7210,Hf,Si,0.85,-16.115006196994216,ribbon
6519,Ag,Ca,0.5,-16.130651934492807,ribbon
6845,Hf,Co,0.65,-16.155051539978338,ribbon
6740,B,Ni,0.15,-16.184737116495544,ribbon
7507,Pd,P,0.5,-16.202063281723714,film
7115,Hf,Ge,0.85,-16.2024347988427,ribbon
7371,Nb,Si,0.35,-16.209679390863222,ribbon
7172,Zr,Ge,0.85,-16.243919081440833,ribbon
7015,Hf,Fe,0.6,-16.26565207436041,film
6995,Zr,Cu,0.55,-16.357356997586482,bulk
7512,Pd,P,0.75,-16.401619774064436,film
7016,Hf,Fe,0.65,-16.44467242635851,film
6919,Hf,Cu,0.55,-16.596938847445642,bulk
6551,Al,Ca,0.2,-16.63225568453692,bulk
6514,Ag,Ca,0.25,-16.70837121356412,ribbon
6782,Zr,Be,0.35,-16.829517356804633,ribbon
6998,Zr,Cu,0.7,-16.836971672143868,bulk
6996,Zr,Cu,0.6,-17.016638134234814,bulk
6972,Y,Cu,0.35,-17.028601890067307,ribbon
6922,Hf,Cu,0.7,-17.071318123398928,bulk
6997,Zr,Cu,0.65,-17.204973581660365,bulk
6920,Hf,Cu,0.6,-17.264951922691047,bulk
6518,Ag,Ca,0.45,-17.266808224481178,ribbon
7162,Zr,Ge,0.35,-17.27070115954925,ribbon
7508,Pd,P,0.55,-17.287251935690847,film
6820,Ca,Zn,0.35,-17.297145702902046,ribbon
6730,B,Fe,0.6,-17.367583800944864,ribbon
6921,Hf,Cu,0.65,-17.452182807526572,bulk
7105,Hf,Ge,0.35,-17.458825450571133,ribbon
6557,Al,Ca,0.5,-17.547334330977115,bulk
6711,B,Co,0.6,-17.56194679145801,ribbon
7511,Pd,P,0.7,-17.58673117507332,film
6515,Ag,Ca,0.3,-17.78455471704055,ribbon
7532,Pt,P,0.8,-17.926910706226675,ribbon
7509,Pd,P,0.6,-17.943237625144693,film
6517,Ag,Ca,0.4,-17.981969767306172,ribbon
7675,Zr,Si,0.35,-18.032519302406488,ribbon
7510,Pd,P,0.65,-18.073258829152397,film
7525,Pt,P,0.45,-18.16421430130584,ribbon
6516,Ag,Ca,0.35,-18.183280703529896,ribbon
7200,Hf,Si,0.35,-18.300979251017925,ribbon
6749,B,Ni,0.6,-18.31269764234256,ribbon
6552,Al,Ca,0.25,-18.59273545022205,bulk
6556,Al,Ca,0.45,-18.89505274927907,bulk
7471,Ni,Y,0.6,-19.041196591438155,film
7372,Nb,Si,0.4,-19.20774316139186,ribbon
6553,Al,Ca,0.3,-19.717871196992398,bulk
6555,Al,Ca,0.4,-19.77576007341805,bulk
6722,B,Fe,0.2,-19.83017803458785,ribbon
6729,B,Fe,0.55,-19.862703752536824,ribbon
6703,B,Co,0.2,-19.94503728162123,ribbon
7463,Ni,Y,0.2,-20.00059713483979,film
6783,Zr,Be,0.4,-20.002322838964893,ribbon
7526,Pt,P,0.5,-20.040187046404107,ribbon
6554,Al,Ca,0.35,-20.08287016409172,bulk
6710,B,Co,0.55,-20.084771813947047,ribbon
6973,Y,Cu,0.4,-20.371393536588307,ribbon
7531,Pt,P,0.75,-20.48854948330849,ribbon
7163,Zr,Ge,0.4,-20.57889853409374,ribbon
6821,Ca,Zn,0.4,-20.69096753853702,ribbon
6741,B,Ni,0.2,-20.73316514374118,ribbon
7106,Hf,Ge,0.4,-20.817841332639173,ribbon
7380,Nb,Si,0.8,-20.95260694385816,ribbon
6748,B,Ni,0.55,-20.990488894587294,ribbon
6791,Zr,Be,0.8,-21.09382816620524,ribbon
7527,Pt,P,0.55,-21.49357629907448,ribbon
6981,Y,Cu,0.8,-21.57777873844655,ribbon
7676,Zr,Si,0.4,-21.671507898365604,ribbon
7470,Ni,Y,0.55,-21.87249635557249,film
7373,Nb,Si,0.45,-21.99808323034037,ribbon
7530,Pt,P,0.7,-22.01174955577891,ribbon
7201,Hf,Si,0.4,-22.013081588917352,ribbon
6728,B,Fe,0.5,-22.03011806088101,ribbon
7171,Zr,Ge,0.8,-22.03276286216154,ribbon
6829,Ca,Zn,0.8,-22.059646712677942,ribbon
7114,Hf,Ge,0.8,-22.13379429393848,ribbon
6709,B,Co,0.5,-22.273959573159896,ribbon
7528,Pt,P,0.6,-22.39232650473649,ribbon
7529,Pt,P,0.65,-22.60677786866168,ribbon
7684,Zr,Si,0.8,-22.660605548772025,ribbon
6723,B,Fe,0.25,-22.696272197697425,ribbon
6704,B,Co,0.25,-22.876560030152945,ribbon
7209,Hf,Si,0.8,-22.931632952632164,ribbon
6784,Zr,Be,0.45,-22.940741049617724,ribbon
6747,B,Ni,0.5,-23.314042299839603,ribbon
6974,Y,Cu,0.45,-23.491330291512853,ribbon
7164,Zr,Ge,0.45,-23.655448105342344,ribbon
6727,B,Fe,0.45,-23.715866219284027,ribbon
7464,Ni,Y,0.25,-23.830002138606304,film
6822,Ca,Zn,0.45,-23.856620591316968,ribbon
6742,B,Ni,0.25,-23.887044946834358,ribbon
7107,Hf,Ge,0.45,-23.93848473769684,ribbon
6708,B,Co,0.45,-23.973256356824347,ribbon
7469,Ni,Y,0.5,-24.29508594626505,film
6724,B,Fe,0.3,-24.39356937195213,ribbon
7374,Nb,Si,0.5,-24.403984872318677,ribbon
7379,Nb,Si,0.75,-24.493258491316038,ribbon
6705,B,Co,0.3,-24.61801759374243,ribbon
6726,B,Fe,0.4,-24.768368883964698,ribbon
6707,B,Co,0.4,-25.028710227073425,ribbon
6725,B,Fe,0.35,-25.04083064197493,ribbon
6790,Zr,Be,0.75,-25.043271996422376,ribbon
7677,Zr,Si,0.45,-25.06412734178059,ribbon
6746,B,Ni,0.45,-25.115776830827922,ribbon
6706,B,Co,0.35,-25.29105446261628,ribbon
6785,Zr,Be,0.5,-25.455586510806235,ribbon
7202,Hf,Si,0.45,-25.47170851503447,ribbon
6743,B,Ni,0.3,-25.764588297049595,ribbon
6980,Y,Cu,0.75,-25.786082500418267,ribbon
7170,Zr,Ge,0.75,-26.087116258267173,ribbon
7468,Ni,Y,0.45,-26.121996034788843,film
6975,Y,Cu,0.5,-26.176999019576147,ribbon
7465,Ni,Y,0.3,-26.193815383276178,film
6745,B,Ni,0.4,-26.23049795543617,ribbon
7375,Nb,Si,0.55,-26.24687838881695,ribbon
6828,Ca,Zn,0.75,-26.284377692208075,ribbon
7113,Hf,Ge,0.75,-26.29329879050451,ribbon
7165,Zr,Ge,0.5,-26.300598953446368,ribbon
6744,B,Ni,0.35,-26.497832198603355,ribbon
6823,Ca,Zn,0.5,-26.582574731490112,ribbon
7108,Hf,Ge,0.5,-26.617520210167843,ribbon
7378,Nb,Si,0.7,-26.637197523895388,ribbon
7467,Ni,Y,0.4,-27.16769749642521,film
7466,Ni,Y,0.35,-27.250323032171316,film
7683,Zr,Si,0.75,-27.34320361549633,ribbon
7376,Nb,Si,0.6,-27.34889733537498,ribbon
6786,Zr,Be,0.55,-27.35558144757688,ribbon
6789,Zr,Be,0.7,-27.473183559454192,ribbon
7377,Nb,Si,0.65,-27.53536334158021,ribbon
7208,Hf,Si,0.75,-27.732739077877337,ribbon
7678,Zr,Si,0.5,-27.97846346299345,ribbon
6976,Y,Cu,0.55,-28.215872995351557,ribbon
7166,Zr,Ge,0.55,-28.31280916397465,ribbon
6979,Y,Cu,0.7,-28.374576460734936,ribbon
7203,Hf,Si,0.5,-28.440321422203297,ribbon
6787,Zr,Be,0.6,-28.449803240491466,ribbon
6788,Zr,Be,0.65,-28.550058470968523,ribbon
7169,Zr,Ge,0.7,-28.56541722975895,ribbon
7109,Hf,Ge,0.55,-28.649866507040077,ribbon
6824,Ca,Zn,0.55,-28.65595555887707,ribbon
7112,Hf,Ge,0.7,-28.84371537967512,ribbon
6827,Ca,Zn,0.7,-28.87394556378391,ribbon
6977,Y,Cu,0.6,-29.39742309413764,ribbon
7167,Zr,Ge,0.6,-29.491432455194435,ribbon
6978,Y,Cu,0.65,-29.51615557568309,ribbon
7168,Zr,Ge,0.65,-29.639331398181483,ribbon
7110,Hf,Ge,0.6,-29.83126127060189,ribbon
6825,Ca,Zn,0.6,-29.86553056038835,ribbon
7111,Hf,Ge,0.65,-29.96085229400813,ribbon
6826,Ca,Zn,0.65,-30.00462186037052,ribbon
7679,Zr,Si,0.55,-30.18136008562262,ribbon
7682,Zr,Si,0.7,-30.23569519299043,ribbon
7204,Hf,Si,0.55,-30.68107379647138,ribbon
7207,Hf,Si,0.7,-30.702078954367924,ribbon
7680,Zr,Si,0.6,-31.44151369065053,ribbon
7681,Zr,Si,0.65,-31.532494673341674,ribbon
7205,Hf,Si,0.6,-31.95788306586297,ribbon
7206,Hf,Si,0.65,-32.03942904196867,ribbon
