,A,B,fB,P_GFA
7212,Hf,Si,0.95,4.204001313615977
7687,Zr,Si,0.95,3.81274653471821
6984,Y,Cu,0.95,2.2322031258284296
6832,Ca,Zn,0.95,1.9409658166996966
7460,Ni,Y,0.05,1.6757623437356046
7117,Hf,Ge,0.95,1.548439873248328
6794,Zr,Be,0.95,1.3523147767191435
7174,Zr,Ge,0.95,1.0914494677589817
7383,Nb,Si,0.95,-0.6395167451108745
6738,B,Ni,0.05,-2.5128472182515593
6700,B,Co,0.05,-3.0079317583115595
7535,Pt,P,0.95,-3.0736784573840006
6719,B,Fe,0.05,-3.248557713351551
7516,Pd,P,0.95,-3.4605554427613865
6875,Ti,Co,0.25,-3.7258512335577887
7413,Ni,Pd,0.55,-3.7300155538940962
7438,Ti,Ni,0.85,-3.733234662914062
7427,Ti,Ni,0.3,-3.7990561093044057
7412,Ni,Pd,0.5,-3.825718369964841
7668,Ti,Si,0.95,-3.8313180675243217
6577,Cu,Al,0.55,-3.8717071224826194
7409,Ni,Pd,0.35,-3.8801496945318523
7411,Ni,Pd,0.45,-3.887783774641054
7410,Ni,Pd,0.4,-3.9085055590123736
7559,Zr,Pd,0.25,-3.920030719336995
7647,Zr,Pt,0.85,-3.95253042203363
6643,Si,Au,0.05,-3.9669115866248976
6576,Cu,Al,0.5,-3.9761634397400103
6887,Ti,Co,0.85,-3.999030876768725
7636,Zr,Pt,0.3,-4.00369896893198
6927,Hf,Cu,0.95,-4.009599757871028
6876,Ti,Co,0.3,-4.009726731479009
7255,Mg,Zn,0.25,-4.018848271898254
7428,Ti,Ni,0.35,-4.030983078162741
6687,Zr,Au,0.35,-4.053978881131682
6952,Ti,Cu,0.3,-4.0616584982118935
6574,Cu,Al,0.4,-4.070576668836452
7003,Zr,Cu,0.95,-4.092604082431832
6630,Hf,Au,0.35,-4.1086638436422005
7026,Fe,P,0.2,-4.111867053747507
7437,Ti,Ni,0.8,-4.12513672007608
6855,Co,P,0.2,-4.129188821489581
7497,Zr,Ni,0.95,-4.136270592862525
7098,Zr,Fe,0.95,-4.166770167531858
6851,Hf,Co,0.95,-4.170290109576287
7193,Hf,Ni,0.95,-4.173301098305245
7339,Mo,Zr,0.65,-4.180186904025584
7054,Si,Fe,0.65,-4.1844510984448124
7022,Hf,Fe,0.95,-4.185229116496085
6943,Cu,Mg,0.8,-4.191819370899228
7429,Ti,Ni,0.4,-4.249468418781596
6545,Si,Ag,0.85,-4.255523266860102
7637,Zr,Pt,0.35,-4.270269926659809
7330,Mo,Zr,0.2,-4.271415333644862
7045,Si,Fe,0.2,-4.280580367760772
7443,Ta,Ni,0.15,-4.282362198519287
6877,Ti,Co,0.35,-4.284987213616848
7560,Zr,Pd,0.3,-4.333677050180985
6688,Zr,Au,0.4,-4.33949020070251
6621,Ge,Au,0.85,-4.349215151376933
7303,Si,Mn,0.75,-4.359698278961882
6963,Ti,Cu,0.85,-4.368074886400867
7256,Mg,Zn,0.3,-4.381741778241301
7481,Zr,Ni,0.15,-4.384803934090755
7595,Pt,Si,0.15,-4.385659961479255
7646,Zr,Pt,0.8,-4.391990129268763
6953,Ti,Cu,0.35,-4.396855731175227
7227,Ni,Mg,0.75,-4.400893822497645
6631,Hf,Au,0.4,-4.406026935579336
7552,Si,Pd,0.85,-4.41058452594027
7177,Hf,Ni,0.15,-4.41608395154343
7338,Mo,Zr,0.6,-4.421785150589819
7436,Ti,Ni,0.75,-4.425313304464352
7053,Si,Fe,0.6,-4.426685661187053
7430,Ti,Ni,0.45,-4.4453313910173815
6886,Ti,Co,0.8,-4.451835189453791
7267,Mg,Zn,0.85,-4.481944644861086
6510,Ag,Ca,0.05,-4.498670203046499
6892,Zr,Co,0.15,-4.500887846425565
6564,Al,Ca,0.85,-4.504686604949477
7638,Zr,Pt,0.4,-4.520669159797294
7082,Zr,Fe,0.15,-4.529647136155068
6929,Cu,Mg,0.1,-4.532169534135333
6835,Hf,Co,0.15,-4.534910561448809
6878,Ti,Co,0.4,-4.545153375566547
7006,Hf,Fe,0.15,-4.564723752790602
6696,Zr,Au,0.8,-4.573953978444287
6591,Zr,Al,0.3,-4.581208690704307
7331,Mo,Zr,0.25,-4.596743988164118
7046,Si,Fe,0.25,-4.605162624722643
6689,Zr,Au,0.45,-4.605644048757285
7431,Ti,Ni,0.5,-4.606332550366474
6659,Si,Au,0.85,-4.626844012569913
7435,Ti,Ni,0.7,-4.63029043358342
7337,Mo,Zr,0.55,-4.631765031674265
7052,Si,Fe,0.55,-4.637120988929887
6987,Zr,Cu,0.15,-4.639951337554834
7652,Ti,Si,0.15,-4.640681180475761
7349,Nb,Ni,0.2,-4.646426434229703
7291,Si,Mn,0.15,-4.661479379675244
6639,Hf,Au,0.8,-4.668414466737641
7076,Fe,Sn,0.8,-4.670008340626419
6632,Hf,Au,0.45,-4.6833190096859605
7027,Fe,P,0.25,-4.686258213301434
6856,Co,P,0.25,-4.718449763180011
7432,Ti,Ni,0.55,-4.718646432217629
6954,Ti,Cu,0.4,-4.722143971349885
7645,Zr,Pt,0.75,-4.728341621460951
7257,Mg,Zn,0.35,-4.7368148503288365
7434,Ti,Ni,0.65,-4.742302659764052
7639,Zr,Pt,0.45,-4.744364276115009
7561,Zr,Pd,0.35,-4.751448695640621
7040,Fe,P,0.9,-4.751628276960751
7433,Ti,Ni,0.6,-4.768260828933908
6879,Ti,Co,0.45,-4.779023417783356
6942,Cu,Mg,0.75,-4.792119048894216
6885,Ti,Co,0.75,-4.795148351981716
7336,Mo,Zr,0.5,-4.799524144518076
7302,Si,Mn,0.7,-4.802443518858549
7051,Si,Fe,0.5,-4.805245358410023
7332,Mo,Zr,0.3,-4.814034807948142
7121,Pd,Ge,0.2,-4.821027616600363
7047,Si,Fe,0.3,-4.821715551348934
7226,Ni,Mg,0.7,-4.821908835071868
6869,Co,P,0.9,-4.834426387486442
6690,Zr,Au,0.5,-4.837295378040109
7500,Pd,P,0.15,-4.849381368351942
7249,Y,Mg,0.9,-4.870044311661744
6695,Zr,Au,0.75,-4.891443370402719
6962,Ti,Cu,0.8,-4.893144461605625
7571,Zr,Pd,0.85,-4.900727230750411
6798,Ca,Mg,0.2,-4.911394897673485
7335,Mo,Zr,0.45,-4.913479007755434
7050,Si,Fe,0.45,-4.919559451811489
6633,Hf,Au,0.5,-4.924942770353832
7640,Zr,Pt,0.5,-4.927668949399932
7333,Mo,Zr,0.35,-4.932257988622353
7048,Si,Fe,0.35,-4.939289994165904
7388,Ni,P,0.25,-4.944235148877136
7644,Zr,Pt,0.7,-4.957910908754936
7334,Mo,Zr,0.4,-4.9616641828939265
7049,Si,Fe,0.4,-4.968166662596513
6880,Ti,Co,0.5,-4.9722717513890595
6638,Hf,Au,0.75,-4.994158178055992
7140,Pt,Ge,0.2,-5.0086401163453615
6691,Zr,Au,0.55,-5.017772801374776
6955,Ti,Cu,0.45,-5.022715752058153
6884,Ti,Co,0.7,-5.026564918305878
6760,Ti,Be,0.2,-5.03406176883075
7266,Mg,Zn,0.8,-5.045802188867635
7641,Zr,Pt,0.55,-5.055298228580519
7311,Zr,Mn,0.2,-5.064740819569309
6592,Zr,Al,0.35,-5.068896168543963
7258,Mg,Zn,0.4,-5.074026900133792
6694,Zr,Au,0.7,-5.081690681184583
7643,Zr,Pt,0.65,-5.0832156806066475
7216,Ni,Mg,0.2,-5.085452051264596
7476,Ni,Y,0.85,-5.103446114365014
6881,Ti,Co,0.55,-5.108974296807965
7642,Zr,Pt,0.6,-5.111850439681238
6634,Hf,Au,0.55,-5.1137709584283755
6692,Zr,Au,0.6,-5.129814394819775
7401,Ni,P,0.9,-5.14269354330355
6883,Ti,Co,0.65,-5.149691192917428
6693,Zr,Au,0.65,-5.156430093652762
7562,Zr,Pd,0.4,-5.158971210562335
7237,Y,Mg,0.3,-5.164718400243203
7519,Pt,P,0.15,-5.1722208239252465
6882,Ti,Co,0.6,-5.173060375232343
6637,Hf,Au,0.7,-5.187938505126561
7062,Fe,Sn,0.1,-5.206761284232234
6735,B,Fe,0.85,-5.213534268475428
7225,Ni,Mg,0.65,-5.218381189296569
6548,Al,Ca,0.05,-5.2259957057567075
6635,Hf,Au,0.6,-5.232060270873873
7301,Si,Mn,0.65,-5.235217974919857
6716,B,Co,0.85,-5.257537648131198
6636,Hf,Au,0.65,-5.26229187326811
6961,Ti,Cu,0.75,-5.269916986991323
7028,Fe,P,0.3,-5.27804852157663
6956,Ti,Cu,0.5,-5.280874826982355
6544,Si,Ag,0.8,-5.29354334174421
6754,B,Ni,0.85,-5.320393986753489
6857,Co,P,0.3,-5.327793550147582
6620,Ge,Au,0.8,-5.334525565083849
6602,Zr,Al,0.85,-5.350443479904034
6778,Zr,Be,0.15,-5.36167833435905
7444,Ta,Ni,0.2,-5.368279019154496
7259,Mg,Zn,0.45,-5.378410795340992
7292,Si,Mn,0.2,-5.388881844507772
6941,Cu,Mg,0.7,-5.398346016832566
7551,Si,Pd,0.8,-5.414963122903842
7196,Hf,Si,0.15,-5.424621454442005
7671,Zr,Si,0.15,-5.4282191596877665
7075,Fe,Sn,0.75,-5.431012422105404
6968,Y,Cu,0.15,-5.437780545336349
6816,Ca,Zn,0.15,-5.450332638554508
7367,Nb,Si,0.15,-5.4601308177849415
7265,Mg,Zn,0.75,-5.467341597126661
7596,Pt,Si,0.2,-5.4758940263029
6957,Ti,Cu,0.55,-5.477323366755229
7135,Pd,Ge,0.9,-5.480209866033223
7101,Hf,Ge,0.15,-5.483755827938094
7158,Zr,Ge,0.15,-5.497149884976027
7482,Zr,Ni,0.2,-5.500519931276681
6960,Ti,Cu,0.7,-5.504379463373279
7350,Nb,Ni,0.25,-5.519325778131959
7570,Zr,Pd,0.8,-5.5245917469201835
7563,Zr,Pd,0.45,-5.537779136093
6593,Zr,Al,0.4,-5.544865019898687
7178,Hf,Ni,0.2,-5.558908379009747
7217,Ni,Mg,0.25,-5.575163695876416
7224,Ni,Mg,0.6,-5.577739164592842
6930,Cu,Mg,0.15,-5.589042478175783
6958,Ti,Cu,0.6,-5.592375748379821
7122,Pd,Ge,0.25,-5.598302064982814
6959,Ti,Cu,0.65,-5.607098937478771
7389,Ni,P,0.3,-5.629431479952665
7260,Mg,Zn,0.5,-5.631764677493362
7300,Si,Mn,0.6,-5.641322723152512
6893,Zr,Co,0.2,-5.7032996318336355
7264,Mg,Zn,0.7,-5.746203105315712
7083,Zr,Fe,0.2,-5.756441402498194
6836,Hf,Co,0.2,-5.766096623430061
7653,Ti,Si,0.2,-5.784295255167163
7238,Y,Mg,0.35,-5.7864587322878
6658,Si,Au,0.8,-5.798374923276323
7261,Mg,Zn,0.55,-5.814270372967728
7007,Hf,Fe,0.2,-5.820609348067519
6799,Ca,Mg,0.25,-5.833946396148623
7564,Zr,Pd,0.5,-5.866578534676473
7029,Fe,P,0.35,-5.872300325706218
7223,Ni,Mg,0.55,-5.88271180094924
7263,Mg,Zn,0.65,-5.888579549220062
7039,Fe,P,0.85,-5.8943036622738205
7262,Mg,Zn,0.6,-5.906038396780036
7293,Si,Mn,0.25,-5.937931601006821
6858,Co,P,0.35,-5.941200211899677
7218,Ni,Mg,0.3,-5.94189915036732
6525,Ag,Ca,0.8,-5.950963993613091
7569,Zr,Pd,0.75,-5.960830203469497
6988,Zr,Cu,0.2,-5.97446533976948
6594,Zr,Al,0.45,-5.987864244546427
6940,Cu,Mg,0.65,-5.99367412147399
6563,Al,Ca,0.8,-5.998797792449768
7299,Si,Mn,0.55,-6.0005030357196265
6868,Co,P,0.85,-6.012544738036705
6912,Hf,Cu,0.2,-6.024181946863646
7141,Pt,Ge,0.25,-6.030121318383635
6601,Zr,Al,0.8,-6.058237071435555
6761,Ti,Be,0.25,-6.061897884963292
7248,Y,Mg,0.85,-6.089748881608373
7222,Ni,Mg,0.5,-6.113628111736946
7565,Zr,Pd,0.55,-6.122436117879661
6812,Ca,Mg,0.9,-6.149013523605227
7312,Zr,Mn,0.25,-6.151125419316639
7219,Ni,Mg,0.35,-6.1755568934931535
7363,Nb,Ni,0.9,-6.194908982513052
7074,Fe,Sn,0.7,-6.216227908100536
7568,Zr,Pd,0.7,-6.221351111294634
7501,Pd,P,0.2,-6.242892300116851
7221,Ni,Mg,0.45,-6.250642889355065
7220,Ni,Mg,0.4,-6.275889103704669
7566,Zr,Pd,0.6,-6.281894967048003
7298,Si,Mn,0.5,-6.290398664225755
7294,Si,Mn,0.3,-6.311285811819734
7390,Ni,P,0.35,-6.321530106354331
7567,Zr,Pd,0.65,-6.322016846790604
6595,Zr,Al,0.5,-6.373873580927018
7239,Y,Mg,0.4,-6.386652507755774
7123,Pd,Ge,0.3,-6.389114592943046
6619,Ge,Au,0.75,-6.391001606957684
6606,Ge,Au,0.1,-6.422937082378736
7351,Nb,Ni,0.3,-6.443420814957816
7030,Fe,P,0.4,-6.447017589735002
6543,Si,Ag,0.75,-6.448806080804981
6931,Cu,Mg,0.2,-6.460308555128418
7400,Ni,P,0.85,-6.466705904591793
7297,Si,Mn,0.45,-6.4879207158313426
7550,Si,Pd,0.75,-6.509818647551684
7295,Si,Mn,0.35,-6.517592701256186
6859,Co,P,0.4,-6.535637502247353
6600,Zr,Al,0.75,-6.545634392032673
6939,Cu,Mg,0.6,-6.554575948575656
7296,Si,Mn,0.4,-6.570555122196848
7445,Ta,Ni,0.25,-6.580027965775285
7537,Si,Pd,0.1,-6.628379609559582
6596,Zr,Al,0.55,-6.677193078394577
7597,Pt,Si,0.25,-6.695304002363514
7063,Fe,Sn,0.15,-6.7400860554986455
6774,Ti,Be,0.9,-6.743560523577592
7154,Pt,Ge,0.9,-6.746436724830233
7483,Zr,Ni,0.25,-6.754009674792489
7038,Fe,P,0.8,-6.783722386237442
7325,Zr,Mn,0.9,-6.801903663224086
6800,Ca,Mg,0.3,-6.806117228234258
6599,Zr,Al,0.7,-6.829643311102337
7179,Hf,Ni,0.25,-6.845486868590595
6597,Zr,Al,0.6,-6.871459262299499
6530,Si,Ag,0.1,-6.87153819698599
6867,Co,P,0.8,-6.925847941109262
6598,Zr,Al,0.65,-6.930587891899856
7240,Y,Mg,0.45,-6.939815512414372
7134,Pd,Ge,0.85,-6.9539862509384704
7520,Pt,P,0.2,-6.9573471081009615
7031,Fe,P,0.45,-6.9750131030628895
7391,Ni,P,0.4,-6.993628405551646
7247,Y,Mg,0.8,-6.994690601201381
7073,Fe,Sn,0.65,-6.998548633800271
7654,Ti,Si,0.25,-7.047672590132421
6938,Cu,Mg,0.55,-7.053045547698528
6894,Zr,Co,0.25,-7.063573646809812
6860,Co,P,0.45,-7.082908573843992
6657,Si,Au,0.75,-7.100843340675078
7211,Hf,Si,0.9,-7.117757913290833
7142,Pt,Ge,0.3,-7.118220364158492
6932,Cu,Mg,0.25,-7.1263701080393504
6734,B,Fe,0.8,-7.1318771919671535
7667,Ti,Si,0.9,-7.1328856637576274
7084,Zr,Fe,0.25,-7.146324175102228
6762,Ti,Be,0.3,-7.15693338247001
6837,Hf,Co,0.25,-7.16128364940757
7124,Pd,Ge,0.35,-7.172619440849748
6715,B,Co,0.8,-7.200271454341449
7610,Pt,Si,0.9,-7.229460675656303
7686,Zr,Si,0.9,-7.231210951587253
7008,Hf,Fe,0.25,-7.245481679252538
7475,Ni,Y,0.8,-7.288112497441387
7313,Zr,Mn,0.3,-7.304284701180898
6753,B,Ni,0.8,-7.351800370745971
7461,Ni,Y,0.1,-7.372792986774034
7352,Nb,Ni,0.35,-7.386469155742517
6644,Si,Au,0.1,-7.386819058657732
7458,Ta,Ni,0.9,-7.41553820788901
7241,Y,Mg,0.5,-7.417899880914357
7037,Fe,P,0.75,-7.4218800344330536
7032,Fe,P,0.5,-7.425702281717901
6937,Cu,Mg,0.5,-7.458747749843364
6618,Ge,Au,0.7,-7.486107156793808
6989,Zr,Cu,0.25,-7.48715680456588
7399,Ni,P,0.8,-7.4882452844779985
7496,Zr,Ni,0.9,-7.499521480328563
6861,Co,P,0.5,-7.55142624555355
6913,Hf,Cu,0.25,-7.5660115677647495
6524,Ag,Ca,0.75,-7.572238391760426
6866,Co,P,0.75,-7.577981083361104
6933,Cu,Mg,0.3,-7.579852144344294
7246,Y,Mg,0.75,-7.6118710506648934
7392,Ni,P,0.45,-7.613539055335059
7192,Hf,Ni,0.9,-7.64025580042076
7368,Nb,Si,0.2,-7.652690355583385
7549,Si,Pd,0.7,-7.658183531454544
6542,Si,Ag,0.7,-7.678629979705057
6969,Y,Cu,0.2,-7.693134691619809
6983,Y,Cu,0.9,-7.695094970392104
6779,Zr,Be,0.2,-7.7117957023761345
6936,Cu,Mg,0.45,-7.741094077916243
7072,Fe,Sn,0.6,-7.745311207389838
7033,Fe,P,0.55,-7.76682356245859
6817,Ca,Zn,0.2,-7.777040031317961
6562,Al,Ca,0.75,-7.780244032030825
7242,Y,Mg,0.55,-7.791064143911692
6801,Ca,Mg,0.35,-7.794086402241802
7036,Fe,P,0.7,-7.819082571115736
6934,Cu,Mg,0.35,-7.824040275596335
7502,Pd,P,0.25,-7.842799377834207
6907,Zr,Co,0.9,-7.847101338777913
7159,Zr,Ge,0.2,-7.86839192222865
7672,Zr,Si,0.2,-7.870806848358516
6935,Cu,Mg,0.4,-7.871245250023545
7446,Ta,Ni,0.3,-7.875624140142147
7102,Hf,Ge,0.2,-7.898197158305219
6862,Co,P,0.55,-7.907913862648281
7125,Pd,Ge,0.4,-7.919639967033918
7197,Hf,Si,0.2,-7.923023011732161
7064,Fe,Sn,0.2,-7.935094935839015
7097,Zr,Fe,0.9,-7.964456416210972
7034,Fe,P,0.6,-7.96608538970598
7245,Y,Mg,0.7,-7.969833135305558
6865,Co,P,0.7,-7.980750398467147
6850,Hf,Co,0.9,-7.984828645614055
7362,Nb,Ni,0.85,-7.985940892800652
7035,Fe,P,0.65,-7.992739795305095
7598,Pt,Si,0.3,-8.00215595390233
7515,Pd,P,0.9,-8.010440102830202
7243,Y,Mg,0.6,-8.028369868018654
6793,Zr,Be,0.9,-8.02982480361695
6811,Ca,Mg,0.85,-8.043025425219264
6831,Ca,Zn,0.9,-8.079512847985715
7021,Hf,Fe,0.9,-8.094376661670784
7244,Y,Mg,0.65,-8.0984048885845
7484,Zr,Ni,0.3,-8.100923588867888
6863,Co,P,0.6,-8.119032749835855
7133,Pd,Ge,0.8,-8.120678582008653
7393,Ni,P,0.5,-8.145616921208255
6864,Co,P,0.65,-8.1529362571161
7398,Ni,P,0.75,-8.213660230092557
7180,Hf,Ni,0.3,-8.22941063499039
7143,Pt,Ge,0.35,-8.23228718712005
6763,Ti,Be,0.35,-8.27813214052601
7002,Zr,Cu,0.9,-8.298077251389742
7353,Nb,Ni,0.4,-8.309445284140843
6926,Hf,Cu,0.9,-8.32040399212941
7116,Hf,Ge,0.9,-8.351718585219835
7655,Ti,Si,0.3,-8.389543497024817
7071,Fe,Sn,0.55,-8.41995801102367
7314,Zr,Mn,0.35,-8.480563992886902
6656,Si,Au,0.7,-8.484299865365381
6895,Zr,Co,0.3,-8.530684538744108
7394,Ni,P,0.55,-8.552512536609909
6607,Ge,Au,0.15,-8.56520024225778
7173,Zr,Ge,0.9,-8.577620801904814
6617,Ge,Au,0.65,-8.580131900875484
7126,Pd,Ge,0.45,-8.595012746634481
7085,Zr,Fe,0.3,-8.646438244378313
7397,Ni,P,0.7,-8.657813917278796
6838,Hf,Co,0.3,-8.667289381579678
6802,Ca,Mg,0.4,-8.755937559827625
7009,Hf,Fe,0.3,-8.784353021026964
7395,Ni,P,0.6,-8.79685217596483
7065,Fe,Sn,0.25,-8.800670716756603
6511,Ag,Ca,0.1,-8.814319834043733
7548,Si,Pd,0.65,-8.815278880932192
7396,Ni,P,0.65,-8.842844520564817
7153,Pt,Ge,0.85,-8.872251686813122
7538,Si,Pd,0.15,-8.877608227596085
6773,Ti,Be,0.85,-8.885705459738862
6541,Si,Ag,0.65,-8.931352492819691
7132,Pd,Ge,0.75,-8.97595906791034
7070,Fe,Sn,0.5,-8.983626794626936
7521,Pt,P,0.25,-9.036625691653576
7324,Zr,Mn,0.85,-9.102037354420318
6990,Zr,Cu,0.3,-9.118149619055723
7382,Nb,Si,0.9,-9.141493300193456
7127,Pd,Ge,0.5,-9.159858263273552
7354,Nb,Ni,0.45,-9.168246683051159
7447,Ta,Ni,0.35,-9.203775333250782
6914,Hf,Cu,0.3,-9.228271101722118
6531,Si,Ag,0.15,-9.231583639798195
7534,Pt,P,0.9,-9.300479409503792
7144,Pt,Ge,0.4,-9.324112860150247
7361,Nb,Ni,0.8,-9.332584729250897
6523,Ag,Ca,0.7,-9.343078308999164
7599,Pt,Si,0.35,-9.343640292095433
7066,Fe,Sn,0.3,-9.353465649801834
6764,Ti,Be,0.4,-9.37675286696668
7069,Fe,Sn,0.45,-9.396666862527312
6733,B,Fe,0.75,-9.438799070173378
7485,Zr,Ni,0.35,-9.486279490719376
6810,Ca,Mg,0.8,-9.498227090461917
7131,Pd,Ge,0.7,-9.527306701056505
6714,B,Co,0.75,-9.5366041967201
7128,Pd,Ge,0.55,-9.57377819356117
7503,Pd,P,0.3,-9.581692638995243
7067,Fe,Sn,0.35,-9.616899110134415
7068,Fe,Sn,0.4,-9.620081852915202
6616,Ge,Au,0.6,-9.627785000469943
7315,Zr,Mn,0.4,-9.629696054501615
6803,Ca,Mg,0.45,-9.643877399078853
7181,Hf,Ni,0.35,-9.653696788604874
7656,Ti,Si,0.35,-9.756608835751972
6561,Al,Ca,0.7,-9.759559229387875
7130,Pd,Ge,0.65,-9.792323823295511
7129,Pd,Ge,0.6,-9.796979284429248
6752,B,Ni,0.75,-9.81232330308884
7666,Ti,Si,0.85,-9.817754591190354
7609,Pt,Si,0.85,-9.839907827137079
6655,Si,Au,0.65,-9.890365899834315
7355,Nb,Ni,0.5,-9.915326554069289
7547,Si,Pd,0.6,-9.930346692908888
7474,Ni,Y,0.75,-9.937623149175442
6549,Al,Ca,0.1,-9.982041984001828
7457,Ta,Ni,0.85,-9.98773255277118
6896,Zr,Co,0.35,-10.042753894877539
6701,B,Co,0.1,-10.094659242962749
6645,Si,Au,0.15,-10.129811594028462
6739,B,Ni,0.1,-10.139441852808273
6540,Si,Ag,0.6,-10.148588389143313
7495,Zr,Ni,0.85,-10.183780317546951
6720,B,Fe,0.1,-10.186894789449962
7086,Zr,Fe,0.35,-10.19312097763536
6608,Ge,Au,0.2,-10.199375436631549
6839,Hf,Co,0.35,-10.22013460798435
7360,Nb,Ni,0.75,-10.259972500814898
7369,Nb,Si,0.25,-10.272101567821196
7145,Pt,Ge,0.45,-10.339906779072276
7010,Hf,Fe,0.35,-10.371485863595298
6765,Ti,Be,0.45,-10.39838462058941
7191,Hf,Ni,0.85,-10.402448590936679
6804,Ca,Mg,0.5,-10.40638069042911
7152,Pt,Ge,0.8,-10.476642719106222
6970,Y,Cu,0.25,-10.495357516932556
7356,Nb,Ni,0.55,-10.501253129771703
6772,Ti,Be,0.8,-10.505553375949507
7448,Ta,Ni,0.4,-10.50581577866304
6780,Zr,Be,0.25,-10.511826439541936
6809,Ca,Mg,0.75,-10.527587457631759
6615,Ge,Au,0.55,-10.579715353153643
7539,Si,Pd,0.2,-10.598979621872294
6818,Ca,Zn,0.25,-10.645964054633435
7600,Pt,Si,0.4,-10.658336453426987
7316,Zr,Mn,0.45,-10.69639009194141
7160,Zr,Ge,0.25,-10.7327780931795
6991,Zr,Cu,0.35,-10.797387150334174
6906,Zr,Co,0.85,-10.797777797880446
7359,Nb,Ni,0.7,-10.800211032632886
7103,Hf,Ge,0.25,-10.812887253922575
7323,Zr,Mn,0.8,-10.821906617176444
7486,Zr,Ni,0.4,-10.846784502858181
7357,Nb,Ni,0.6,-10.876195578828277
7673,Zr,Si,0.25,-10.917799463145489
6915,Hf,Cu,0.35,-10.939204286371282
7546,Si,Pd,0.55,-10.94840866359816
7096,Zr,Fe,0.85,-10.986084994910453
6805,Ca,Mg,0.55,-10.990261885403294
7358,Nb,Ni,0.65,-10.991336503944419
6849,Hf,Co,0.85,-11.019200833408538
7198,Hf,Si,0.25,-11.037018291844886
6532,Si,Ag,0.2,-11.046894632356423
7182,Hf,Ni,0.4,-11.05308759675793
7657,Ti,Si,0.4,-11.086313295779084
6808,Ca,Mg,0.7,-11.154861006559457
6522,Ag,Ca,0.65,-11.178741176257434
7020,Hf,Fe,0.85,-11.200430663056968
7146,Pt,Ge,0.5,-11.222200438989375
6654,Si,Au,0.6,-11.254244573605309
6539,Si,Ag,0.55,-11.26741470102567
6766,Ti,Be,0.5,-11.284908926284942
7522,Pt,P,0.3,-11.311484458346325
6806,Ca,Mg,0.6,-11.342673318192153
6609,Ge,Au,0.25,-11.355056564628272
7504,Pd,P,0.35,-11.37967752007235
6614,Ge,Au,0.5,-11.383958446967444
6807,Ca,Mg,0.65,-11.413030000056262
6897,Zr,Co,0.4,-11.529425489733248
7151,Pt,Ge,0.75,-11.58677444462464
7317,Zr,Mn,0.5,-11.621847363308527
7001,Zr,Cu,0.85,-11.624066692356484
6771,Ti,Be,0.75,-11.62905573430569
7514,Pd,P,0.85,-11.663973757711641
7087,Zr,Fe,0.4,-11.714260442261331
7449,Ta,Ni,0.45,-11.717566498667173
6925,Hf,Cu,0.85,-11.72817159842583
6840,Hf,Co,0.4,-11.747395875969792
7545,Si,Pd,0.5,-11.811951590016974
7540,Si,Pd,0.25,-11.818420594889425
7608,Pt,Si,0.8,-11.825500673708573
6560,Al,Ca,0.65,-11.8364276925275
7601,Pt,Si,0.45,-11.878604170891705
7665,Ti,Si,0.8,-11.888255919990293
7147,Pt,Ge,0.55,-11.911677803453431
7456,Ta,Ni,0.8,-11.914552432592757
7011,Hf,Fe,0.4,-11.932726590816571
6767,Ti,Be,0.55,-11.976388482998289
6613,Ge,Au,0.45,-11.987309807400752
7322,Zr,Mn,0.75,-12.002620808247041
6732,B,Fe,0.7,-12.007044351629686
6610,Ge,Au,0.3,-12.06815629094168
7487,Zr,Ni,0.45,-12.113083558227636
6713,B,Co,0.7,-12.137094174532324
7494,Zr,Ni,0.8,-12.211505862206133
6646,Si,Au,0.2,-12.219560456759151
6538,Si,Ag,0.5,-12.22248226573741
7150,Pt,Ge,0.7,-12.238721138136828
6512,Ag,Ca,0.15,-12.269841108629779
6770,Ti,Be,0.7,-12.291510725909182
7658,Ti,Si,0.45,-12.309545270261244
6533,Si,Ag,0.25,-12.335023262123709
6612,Ge,Au,0.4,-12.336625037205646
7318,Zr,Mn,0.55,-12.345203378057114
7148,Pt,Ge,0.6,-12.348932266462779
7183,Hf,Ni,0.45,-12.356276337767751
6611,Ge,Au,0.35,-12.380046449040305
6768,Ti,Be,0.6,-12.412882464518743
6992,Zr,Cu,0.4,-12.446776510010249
7544,Si,Pd,0.45,-12.462539364329634
7149,Pt,Ge,0.65,-12.476150207289578
7190,Hf,Ni,0.8,-12.485403685456737
6653,Si,Au,0.55,-12.50665826121685
6769,Ti,Be,0.65,-12.536188413100012
6751,B,Ni,0.7,-12.561536960164647
7541,Si,Pd,0.3,-12.570163603928373
6916,Hf,Cu,0.4,-12.619051012142837
7321,Zr,Mn,0.7,-12.691263529126791
7450,Ta,Ni,0.5,-12.771122243267865
7319,Zr,Mn,0.6,-12.804896688988926
7543,Si,Pd,0.4,-12.842351561020983
7473,Ni,Y,0.7,-12.893701297363984
7542,Si,Pd,0.35,-12.895648616899297
6898,Zr,Co,0.45,-12.914167125377272
7602,Pt,Si,0.5,-12.932901338026959
7320,Zr,Mn,0.65,-12.939964277078312
6537,Si,Ag,0.45,-12.948053859865128
6521,Ag,Ca,0.6,-12.987035346131323
6905,Zr,Co,0.8,-13.023282849412265
6534,Si,Ag,0.3,-13.125345095869834
7088,Zr,Fe,0.45,-13.131578121734028
7505,Pd,P,0.4,-13.147261042218016
6841,Hf,Co,0.45,-13.17048479849434
7370,Nb,Si,0.3,-13.176120036685575
7488,Zr,Ni,0.5,-13.211934498170198
7607,Pt,Si,0.75,-13.214361792797288
7455,Ta,Ni,0.75,-13.238192332443793
7095,Zr,Fe,0.8,-13.262200456173856
6848,Hf,Co,0.8,-13.304432134914078
7659,Ti,Si,0.5,-13.353263323005763
7664,Ti,Si,0.75,-13.363125770962139
6536,Si,Ag,0.4,-13.37996892653569
7012,Hf,Fe,0.45,-13.387765751165423
6535,Si,Ag,0.35,-13.45753489547075
7184,Hf,Ni,0.5,-13.488059747842845
7019,Hf,Fe,0.8,-13.537093600686896
6652,Si,Au,0.5,-13.575712693029843
7451,Ta,Ni,0.55,-13.59656502200546
6781,Zr,Be,0.3,-13.606896924415036
7493,Zr,Ni,0.75,-13.617542339423304
6971,Y,Cu,0.3,-13.670070298988446
7523,Pt,P,0.35,-13.671706302383043
6647,Si,Au,0.25,-13.690593941291239
7603,Pt,Si,0.55,-13.748028465774428
6550,Al,Ca,0.15,-13.776308116424005
6819,Ca,Zn,0.3,-13.88228137904718
6559,Al,Ca,0.6,-13.902607769376912
7161,Zr,Ge,0.3,-13.9260558725242
7189,Hf,Ni,0.75,-13.92681745686426
6993,Zr,Cu,0.45,-13.982259411566867
7454,Ta,Ni,0.7,-14.008773318911432
7606,Pt,Si,0.7,-14.046612176490989
7104,Hf,Ge,0.3,-14.060088679727276
7489,Zr,Ni,0.55,-14.06830976322375
6899,Zr,Co,0.5,-14.116499064508682
7000,Zr,Cu,0.8,-14.116537095834007
7452,Ta,Ni,0.6,-14.123604228604895
7660,Ti,Si,0.55,-14.143049248263214
6917,Hf,Cu,0.45,-14.182096801558503
7533,Pt,P,0.85,-14.226854395559041
7604,Pt,Si,0.6,-14.25129973217131
7663,Ti,Si,0.7,-14.275539513120803
6924,Hf,Cu,0.8,-14.281588949569253
7453,Ta,Ni,0.65,-14.283143358454025
7089,Zr,Fe,0.5,-14.362838224461312
7185,Hf,Ni,0.55,-14.371417060807
7605,Pt,Si,0.65,-14.372640624870545
7674,Zr,Si,0.3,-14.37466564557867
6651,Si,Au,0.45,-14.388687658864821
6842,Hf,Co,0.5,-14.406853953255785
7513,Pd,P,0.8,-14.446738149415186
7492,Zr,Ni,0.7,-14.447605008311685
7462,Ni,Y,0.15,-14.559128449493368
6904,Zr,Co,0.75,-14.564261814822958
7199,Hf,Si,0.3,-14.56748694578469
6648,Si,Au,0.3,-14.587093926212196
7661,Ti,Si,0.6,-14.605587723348846
7490,Zr,Ni,0.6,-14.607424676747593
7013,Hf,Fe,0.5,-14.65232492152229
6520,Ag,Ca,0.55,-14.670856714420296
7662,Ti,Si,0.65,-14.671072554092946
6731,B,Fe,0.65,-14.698623700618814
7491,Zr,Ni,0.65,-14.756692321377644
7188,Hf,Ni,0.7,-14.775066652960561
7506,Pd,P,0.45,-14.788164589792826
7094,Zr,Fe,0.75,-14.835970534364323
6712,B,Co,0.65,-14.86158314302627
6650,Si,Au,0.4,-14.873754304468946
6847,Hf,Co,0.75,-14.884138746316776
6513,Ag,Ca,0.2,-14.888098092007647
7186,Hf,Ni,0.6,-14.929515640654303
6649,Si,Au,0.35,-14.961619020811963
6900,Zr,Co,0.55,-15.054149056379512
7187,Hf,Ni,0.65,-15.087643206933208
7018,Hf,Fe,0.75,-15.150477434439868
6994,Zr,Cu,0.5,-15.315809620549723
7090,Zr,Fe,0.55,-15.32398358545091
6843,Hf,Co,0.55,-15.372129374650633
6750,B,Ni,0.65,-15.448128096465354
6792,Zr,Be,0.85,-15.469847763651757
6903,Zr,Co,0.7,-15.472597282778567
6918,Hf,Cu,0.5,-15.538648881356384
6982,Y,Cu,0.85,-15.593222666159619
7014,Hf,Fe,0.55,-15.640270163793508
6901,Zr,Co,0.6,-15.645133955543566
6721,B,Fe,0.15,-15.690186728813812
6702,B,Co,0.15,-15.715289771484303
7093,Zr,Fe,0.7,-15.761637501358868
6902,Zr,Co,0.65,-15.809767933435491
6846,Hf,Co,0.7,-15.812982363440115
6999,Zr,Cu,0.75,-15.832158933418082
6558,Al,Ca,0.55,-15.844782078222362
7381,Nb,Si,0.85,-15.876696863872967
7091,Zr,Fe,0.6,-15.931198160809652
6844,Hf,Co,0.6,-15.98216963856203
7472,Ni,Y,0.65,-15.987301157721001
7524,Pt,P,0.4,-15.997952771236495
7685,Zr,Si,0.85,-16.009711470977773
6830,Ca,Zn,0.85,-16.03895265934746
6923,Hf,Cu,0.75,-16.039845449039912
7017,Hf,Fe,0.7,-16.097577404785604
7092,Zr,Fe,0.65,-16.102896115072127
7210,Hf,Si,0.85,-16.115006196994212
6519,Ag,Ca,0.5,-16.130651934492807
6845,Hf,Co,0.65,-16.155051539978338
6740,B,Ni,0.15,-16.184737116495544
7507,Pd,P,0.5,-16.202063281723717
7115,Hf,Ge,0.85,-16.2024347988427
7371,Nb,Si,0.35,-16.209679390863222
7172,Zr,Ge,0.85,-16.243919081440833
7015,Hf,Fe,0.6,-16.26565207436041
6995,Zr,Cu,0.55,-16.35735699758648
7512,Pd,P,0.75,-16.401619774064436
7016,Hf,Fe,0.65,-16.44467242635851
6919,Hf,Cu,0.55,-16.59693884744564
6551,Al,Ca,0.2,-16.63225568453692
6514,Ag,Ca,0.25,-16.70837121356412
6782,Zr,Be,0.35,-16.829517356804633
6998,Zr,Cu,0.7,-16.836971672143868
6996,Zr,Cu,0.6,-17.016638134234817
6972,Y,Cu,0.35,-17.028601890067307
6922,Hf,Cu,0.7,-17.07131812339893
6997,Zr,Cu,0.65,-17.204973581660365
6920,Hf,Cu,0.6,-17.264951922691047
6518,Ag,Ca,0.45,-17.266808224481178
7162,Zr,Ge,0.35,-17.27070115954925
7508,Pd,P,0.55,-17.287251935690843
6820,Ca,Zn,0.35,-17.297145702902046
6730,B,Fe,0.6,-17.367583800944864
6921,Hf,Cu,0.65,-17.452182807526572
7105,Hf,Ge,0.35,-17.458825450571137
6557,Al,Ca,0.5,-17.547334330977115
6711,B,Co,0.6,-17.561946791458013
7511,Pd,P,0.7,-17.586731175073325
6515,Ag,Ca,0.3,-17.78455471704055
7532,Pt,P,0.8,-17.926910706226675
7509,Pd,P,0.6,-17.94323762514469
6517,Ag,Ca,0.4,-17.98196976730617
7675,Zr,Si,0.35,-18.03251930240649
7510,Pd,P,0.65,-18.0732588291524
7525,Pt,P,0.45,-18.164214301305837
6516,Ag,Ca,0.35,-18.183280703529896
7200,Hf,Si,0.35,-18.300979251017928
6749,B,Ni,0.6,-18.312697642342556
6552,Al,Ca,0.25,-18.59273545022205
6556,Al,Ca,0.45,-18.89505274927907
7471,Ni,Y,0.6,-19.041196591438155
7372,Nb,Si,0.4,-19.20774316139186
6553,Al,Ca,0.3,-19.717871196992398
6555,Al,Ca,0.4,-19.77576007341805
6722,B,Fe,0.2,-19.830178034587846
6729,B,Fe,0.55,-19.862703752536824
6703,B,Co,0.2,-19.94503728162123
7463,Ni,Y,0.2,-20.00059713483979
6783,Zr,Be,0.4,-20.002322838964897
7526,Pt,P,0.5,-20.040187046404103
6554,Al,Ca,0.35,-20.08287016409172
6710,B,Co,0.55,-20.084771813947043
6973,Y,Cu,0.4,-20.37139353658831
7531,Pt,P,0.75,-20.488549483308486
7163,Zr,Ge,0.4,-20.57889853409374
6821,Ca,Zn,0.4,-20.69096753853702
6741,B,Ni,0.2,-20.73316514374118
7106,Hf,Ge,0.4,-20.81784133263917
7380,Nb,Si,0.8,-20.95260694385816
6748,B,Ni,0.55,-20.990488894587294
6791,Zr,Be,0.8,-21.093828166205242
7527,Pt,P,0.55,-21.493576299074476
6981,Y,Cu,0.8,-21.57777873844655
7676,Zr,Si,0.4,-21.6715078983656
7470,Ni,Y,0.55,-21.872496355572494
7373,Nb,Si,0.45,-21.99808323034037
7530,Pt,P,0.7,-22.01174955577891
7201,Hf,Si,0.4,-22.01308158891735
6728,B,Fe,0.5,-22.030118060881012
7171,Zr,Ge,0.8,-22.03276286216154
6829,Ca,Zn,0.8,-22.05964671267794
7114,Hf,Ge,0.8,-22.13379429393848
6709,B,Co,0.5,-22.273959573159896
7528,Pt,P,0.6,-22.39232650473649
7529,Pt,P,0.65,-22.60677786866168
7684,Zr,Si,0.8,-22.660605548772025
6723,B,Fe,0.25,-22.696272197697425
6704,B,Co,0.25,-22.876560030152945
7209,Hf,Si,0.8,-22.931632952632164
6784,Zr,Be,0.45,-22.940741049617724
6747,B,Ni,0.5,-23.3140422998396
6974,Y,Cu,0.45,-23.49133029151285
7164,Zr,Ge,0.45,-23.655448105342344
6727,B,Fe,0.45,-23.715866219284027
7464,Ni,Y,0.25,-23.830002138606304
6822,Ca,Zn,0.45,-23.856620591316975
6742,B,Ni,0.25,-23.88704494683436
7107,Hf,Ge,0.45,-23.93848473769684
6708,B,Co,0.45,-23.973256356824344
7469,Ni,Y,0.5,-24.295085946265043
6724,B,Fe,0.3,-24.39356937195213
7374,Nb,Si,0.5,-24.403984872318674
7379,Nb,Si,0.75,-24.493258491316034
6705,B,Co,0.3,-24.618017593742426
6726,B,Fe,0.4,-24.768368883964698
6707,B,Co,0.4,-25.028710227073425
6725,B,Fe,0.35,-25.04083064197493
6790,Zr,Be,0.75,-25.043271996422376
7677,Zr,Si,0.45,-25.06412734178059
6746,B,Ni,0.45,-25.115776830827922
6706,B,Co,0.35,-25.291054462616277
6785,Zr,Be,0.5,-25.45558651080624
7202,Hf,Si,0.45,-25.471708515034468
6743,B,Ni,0.3,-25.764588297049595
6980,Y,Cu,0.75,-25.78608250041827
7170,Zr,Ge,0.75,-26.087116258267166
7468,Ni,Y,0.45,-26.12199603478884
6975,Y,Cu,0.5,-26.176999019576147
7465,Ni,Y,0.3,-26.193815383276178
6745,B,Ni,0.4,-26.23049795543617
7375,Nb,Si,0.55,-26.24687838881695
6828,Ca,Zn,0.75,-26.284377692208075
7113,Hf,Ge,0.75,-26.293298790504508
7165,Zr,Ge,0.5,-26.300598953446375
6744,B,Ni,0.35,-26.497832198603355
6823,Ca,Zn,0.5,-26.58257473149011
7108,Hf,Ge,0.5,-26.617520210167836
7378,Nb,Si,0.7,-26.637197523895384
7467,Ni,Y,0.4,-27.16769749642521
7466,Ni,Y,0.35,-27.250323032171313
7683,Zr,Si,0.75,-27.343203615496332
7376,Nb,Si,0.6,-27.34889733537498
6786,Zr,Be,0.55,-27.355581447576878
6789,Zr,Be,0.7,-27.47318355945419
7377,Nb,Si,0.65,-27.53536334158021
7208,Hf,Si,0.75,-27.732739077877337
7678,Zr,Si,0.5,-27.978463462993446
6976,Y,Cu,0.55,-28.21587299535156
7166,Zr,Ge,0.55,-28.31280916397465
6979,Y,Cu,0.7,-28.374576460734936
7203,Hf,Si,0.5,-28.440321422203297
6787,Zr,Be,0.6,-28.449803240491466
6788,Zr,Be,0.65,-28.550058470968523
7169,Zr,Ge,0.7,-28.56541722975895
7109,Hf,Ge,0.55,-28.649866507040077
6824,Ca,Zn,0.55,-28.655955558877075
7112,Hf,Ge,0.7,-28.843715379675118
6827,Ca,Zn,0.7,-28.873945563783902
6977,Y,Cu,0.6,-29.39742309413764
7167,Zr,Ge,0.6,-29.491432455194435
6978,Y,Cu,0.65,-29.516155575683086
7168,Zr,Ge,0.65,-29.639331398181476
7110,Hf,Ge,0.6,-29.831261270601885
6825,Ca,Zn,0.6,-29.865530560388347
7111,Hf,Ge,0.65,-29.960852294008127
6826,Ca,Zn,0.65,-30.004621860370523
7679,Zr,Si,0.55,-30.18136008562262
7682,Zr,Si,0.7,-30.23569519299043
7204,Hf,Si,0.55,-30.68107379647138
7207,Hf,Si,0.7,-30.702078954367924
7680,Zr,Si,0.6,-31.44151369065053
7681,Zr,Si,0.65,-31.532494673341674
7205,Hf,Si,0.6,-31.957883065862966
7206,Hf,Si,0.65,-32.03942904196867
